-- phpMyAdmin SQL Dump
-- version 5.2.1
-- https://www.phpmyadmin.net/
--
-- Host: 127.0.0.1
-- Generation Time: Dec 07, 2025 at 03:34 AM
-- Server version: 10.4.32-MariaDB
-- PHP Version: 8.2.12

SET SQL_MODE = "NO_AUTO_VALUE_ON_ZERO";
START TRANSACTION;
SET time_zone = "+00:00";


/*!40101 SET @OLD_CHARACTER_SET_CLIENT=@@CHARACTER_SET_CLIENT */;
/*!40101 SET @OLD_CHARACTER_SET_RESULTS=@@CHARACTER_SET_RESULTS */;
/*!40101 SET @OLD_COLLATION_CONNECTION=@@COLLATION_CONNECTION */;
/*!40101 SET NAMES utf8mb4 */;

--
-- Database: `mobook`
--

-- --------------------------------------------------------

--
-- Table structure for table `admin`
--

CREATE TABLE `admin` (
  `AdminID` int(11) NOT NULL,
  `FirstName` varchar(100) NOT NULL,
  `MiddleName` varchar(100) DEFAULT NULL,
  `LastName` varchar(100) NOT NULL,
  `Email` varchar(150) NOT NULL,
  `Phone` varchar(11) DEFAULT NULL,
  `Password` varchar(255) NOT NULL,
  `CreatedAt` timestamp NOT NULL DEFAULT current_timestamp()
) ENGINE=InnoDB DEFAULT CHARSET=utf8mb4 COLLATE=utf8mb4_general_ci;

--
-- Dumping data for table `admin`
--

INSERT INTO `admin` (`AdminID`, `FirstName`, `MiddleName`, `LastName`, `Email`, `Phone`, `Password`, `CreatedAt`) VALUES
(1, 'Moobook', 'System', 'Admin', 'admin@mobook.com', '09123456789', '$2y$10$/i9M4DXyEXY63Z3NhshbhewAHyWWsiaL2ovubvwhzo0XeEyX6oQWS', '2025-12-06 23:14:40');

-- --------------------------------------------------------

--
-- Table structure for table `booking`
--

CREATE TABLE `booking` (
  `BookingId` int(11) NOT NULL,
  `CustomerId` int(11) NOT NULL,
  `ShowTimeId` int(11) NOT NULL,
  `BookingDate` date NOT NULL,
  `PaymentStatus` varchar(50) NOT NULL,
  `TotalAmount` decimal(10,2) NOT NULL DEFAULT 0.00,
  `PaymentMethod` varchar(50) DEFAULT NULL,
  `CreatedAt` datetime NOT NULL DEFAULT current_timestamp()
) ENGINE=InnoDB DEFAULT CHARSET=utf8mb4 COLLATE=utf8mb4_general_ci;

-- --------------------------------------------------------

--
-- Table structure for table `customer`
--

CREATE TABLE `customer` (
  `CustomerId` int(11) NOT NULL,
  `FirstName` varchar(50) NOT NULL,
  `MiddleName` varchar(50) DEFAULT NULL,
  `LastName` varchar(50) NOT NULL,
  `Email` varchar(100) NOT NULL,
  `Password` varchar(255) NOT NULL,
  `Phone_Number` varchar(20) NOT NULL
) ENGINE=InnoDB DEFAULT CHARSET=utf8mb4 COLLATE=utf8mb4_general_ci;

--
-- Dumping data for table `customer`
--

INSERT INTO `customer` (`CustomerId`, `FirstName`, `MiddleName`, `LastName`, `Email`, `Password`, `Phone_Number`) VALUES
(1, 'Rj', '', 'Neri', 'gioneri1022@gmail.com', '$2y$10$WuXpnzCI.rY30psx48gP8u0gs47pqe5mR1I1jgQRki1FDwQVVVTCe', '09638523852'),
(2, 'SampleOne', 'R', 'Neri', 'SampleOne@gmail.com', '$2y$10$K.nX3ql7mHnG8WOLR1VYPOkoe.phym2zixFEjTkYnRinTmfLZpcT.', '09638523853'),
(3, 'Lance Timothy', 'Baculi', 'Satorre', 'lanceerrotas@gmail.com', '$2y$10$/N0oagqUwTC2.kM99cfyzO30E0YtI7Cve.CUuyX9XWW6ZjtrlDVOi', '09232323232');

-- --------------------------------------------------------

--
-- Table structure for table `movie`
--

CREATE TABLE `movie` (
  `MovieId` int(11) NOT NULL,
  `Title` varchar(150) NOT NULL,
  `Genre` varchar(255) NOT NULL,
  `DurationMinutes` int(11) NOT NULL,
  `RatingCode` varchar(10) NOT NULL,
  `PosterPath` varchar(255) NOT NULL,
  `TrailerUrl` varchar(255) DEFAULT NULL,
  `Description` text NOT NULL,
  `ReleaseDate` date NOT NULL,
  `BasePrice` decimal(10,2) NOT NULL
) ENGINE=InnoDB DEFAULT CHARSET=utf8mb4 COLLATE=utf8mb4_general_ci;

--
-- Dumping data for table `movie`
--

INSERT INTO `movie` (`MovieId`, `Title`, `Genre`, `DurationMinutes`, `RatingCode`, `PosterPath`, `TrailerUrl`, `Description`, `ReleaseDate`, `BasePrice`) VALUES
(1, 'Altered', 'Science Fiction, Action', 132, 'R-5', '/assets/Movies/altered.jpg', 'https://www.youtube.com/watch?v=kvdBGQ8g-Uk', 'In an alternate present, genetically enhanced humans dominate society. Outcasts Leon and Chloe fight for justice against corrupt politicians exploiting genetic disparity, risking everything to challenge the oppressive system.', '2025-11-25', 250.00),
(2, 'Avengers: Endgame', 'Adventure, Science Fiction, Action', 153, 'R-5', '/assets/Movies/avengers-endgame.jpg', 'https://www.youtube.com/watch?v=TcMBFSGVi1c', 'After Thanos, devastating snap leaves the universe in ruins, the remaining Avengers reunite to undo his actions and restore balance—no matter the cost.', '2025-11-25', 300.00),
(3, 'Frankenstein', 'Drama, Horror, Science Fiction', 125, 'R-5', '/assets/Movies/frankenstein.jpg', 'https://www.youtube.com/watch?v=x--N03NO130', 'Dr. Victor Frankenstein, a brilliant but egotistical scientist, brings a creature to life in a monstrous experiment that ultimately leads to the undoing of both the creator and his tragic creation.', '2025-11-25', 250.00),
(4, 'In Your Dreams', 'Comedy, Adventure, Animation, Fantasy, Family', 81, 'R-5', '/assets/Movies/in-your-dreams.jpg', 'https://www.youtube.com/watch?v=DHqLhLee8Gc', 'Stevie and her little brother Elliot journey into the wildly absurd landscape of their own dreams to ask the Sandman to grant them the perfect family.', '2025-11-25', 200.00),
(5, 'War of the Worlds', 'Science Fiction, Thriller', 145, 'R-5', '/assets/Movies/war-of-the-worlds.jpg', 'https://www.youtube.com/watch?v=mDHgHTho7gs', 'Will Radford, a top Homeland Security cyber-analyst, uncovers a mysterious attack that makes him question whether the government is hiding the truth from him—and the world.', '2025-11-25', 280.00),
(6, 'Wicked: For Good', 'Romance, Fantasy, Adventure', 137, 'R-5', '/assets/Movies/wicked-for-good.jpg', 'https://www.youtube.com/watch?v=R2Xubj7lazE', 'As an angry mob rises against the Wicked Witch, Glinda and Elphaba will need to come together one final time. With their singular friendship now the fulcrum of their futures, they will need to truly see each other, with honesty and empathy, if they are to change themselves, and all of Oz, for good.', '2025-11-25', 320.00),
(7, 'TRON: Ares', 'Science Fiction, Adventure, Action', 119, 'PG-13', '/assets/Movies/tron-ares.jpeg', 'https://www.youtube.com/watch?v=9KVG_X_7Naw', 'A highly sophisticated Program called Ares is sent from the digital world into the real world on a dangerous mission, marking humankind\'s first encounter with A.I. beings.', '2025-12-15', 300.00),
(8, 'Zootopia 2', 'Animation, Family, Comedy, Adventure, Mystery', 107, 'PG', '/assets/Movies/zootopia2.jpg', 'https://www.youtube.com/watch?v=BjkIOU5PhyQ', 'After cracking the biggest case in Zootopia\'s history, rookie cops Judy Hopps and Nick Wilde find themselves on the twisting trail of a great mystery when Gary De’Snake arrives and turns the animal metropolis upside down. To crack the case, Judy and Nick must go undercover to unexpected new parts of town, where their growing partnership is tested like never before.', '2025-12-15', 250.00),
(9, 'Troll 2', 'Fantasy, Action, Adventure', 104, 'PG-13', '/assets/Movies/troll2.jpg', 'https://www.youtube.com/watch?v=HF3NFXPcYRg', 'Nora, Andreas and Captain Kris leap back into action when a dangerous new troll awakes — and this time they\'ll need more help to take it down.', '2025-12-15', 280.00),
(10, 'Muzzle: City of Wolves', 'Action, Crime, Thriller, Horror, Drama, Mystery', 93, 'R', '/assets/Movies/city-of-wolves.jpg', 'https://www.youtube.com/watch?v=byxLYzDRGYs', 'LAPD officer Jake Rosser endeavors to lead a peaceful life with his family and retired K-9 officer, Socks. However, tranquility dissolves into chaos when a gang targets them in a brutal attack. Alongside his new K-9 partner Argos, Jake launches into a relentless pursuit of justice, determined to protect his loved ones.', '2025-12-15', 260.00),
(11, 'The Elixir', 'Horror, Thriller', 116, 'R', '/assets/Movies/the-elixir.jpg', 'https://www.youtube.com/watch?v=nNABgDUcwew', 'A dysfunctional family running a renowned herbal medicine business. The owner of the company attempts to innovate by creating a new potion, which ends up triggering a zombie outbreak.', '2025-12-15', 250.00),
(12, 'The Conjuring: Last Rites', 'Horror', 135, 'R', '/assets/Movies/the-conjuring.jpg', 'https://www.youtube.com/watch?v=bMgfsdYoEEo', 'Paranormal investigators Ed and Lorraine Warren take on one last terrifying case involving mysterious entities they must confront.', '2025-12-15', 320.00);

-- --------------------------------------------------------

--
-- Table structure for table `screen`
--

CREATE TABLE `screen` (
  `ScreenID` int(11) NOT NULL,
  `ScreenNumber` int(11) NOT NULL,
  `TheaterId` int(11) NOT NULL,
  `Capacity` int(11) NOT NULL
) ENGINE=InnoDB DEFAULT CHARSET=utf8mb4 COLLATE=utf8mb4_general_ci;

--
-- Dumping data for table `screen`
--

INSERT INTO `screen` (`ScreenID`, `ScreenNumber`, `TheaterId`, `Capacity`) VALUES
(1, 1, 1, 96),
(2, 2, 1, 96),
(3, 3, 1, 96),
(4, 1, 2, 96),
(5, 2, 2, 96),
(6, 3, 2, 96),
(7, 1, 3, 96),
(8, 2, 3, 96),
(9, 3, 3, 96),
(10, 1, 4, 96),
(11, 2, 4, 96),
(12, 3, 4, 96),
(13, 1, 5, 96),
(14, 2, 5, 96),
(15, 3, 5, 96),
(16, 1, 6, 96),
(17, 2, 6, 96),
(18, 3, 6, 96);

-- --------------------------------------------------------

--
-- Table structure for table `seat`
--

CREATE TABLE `seat` (
  `SeatId` int(11) NOT NULL,
  `ScreenId` int(11) NOT NULL,
  `Seatnumber` varchar(10) NOT NULL,
  `SeatType` varchar(50) NOT NULL
) ENGINE=InnoDB DEFAULT CHARSET=utf8mb4 COLLATE=utf8mb4_general_ci;

--
-- Dumping data for table `seat`
--

INSERT INTO `seat` (`SeatId`, `ScreenId`, `Seatnumber`, `SeatType`) VALUES
(1, 1, 'A1', 'Regular'),
(2, 1, 'A2', 'Regular'),
(3, 1, 'A3', 'Regular'),
(4, 1, 'A4', 'Regular'),
(5, 1, 'A5', 'Regular'),
(6, 1, 'A6', 'Regular'),
(7, 1, 'A7', 'Regular'),
(8, 1, 'A8', 'Regular'),
(9, 1, 'A9', 'Regular'),
(10, 1, 'A10', 'Regular'),
(11, 1, 'A11', 'Regular'),
(12, 1, 'A12', 'Regular'),
(13, 1, 'B1', 'Regular'),
(14, 1, 'B2', 'Regular'),
(15, 1, 'B3', 'Regular'),
(16, 1, 'B4', 'Regular'),
(17, 1, 'B5', 'Regular'),
(18, 1, 'B6', 'Regular'),
(19, 1, 'B7', 'Regular'),
(20, 1, 'B8', 'Regular'),
(21, 1, 'B9', 'Regular'),
(22, 1, 'B10', 'Regular'),
(23, 1, 'B11', 'Regular'),
(24, 1, 'B12', 'Regular'),
(25, 1, 'C1', 'Regular'),
(26, 1, 'C2', 'Regular'),
(27, 1, 'C3', 'Regular'),
(28, 1, 'C4', 'Regular'),
(29, 1, 'C5', 'Regular'),
(30, 1, 'C6', 'Regular'),
(31, 1, 'C7', 'Regular'),
(32, 1, 'C8', 'Regular'),
(33, 1, 'C9', 'Regular'),
(34, 1, 'C10', 'Regular'),
(35, 1, 'C11', 'Regular'),
(36, 1, 'C12', 'Regular'),
(37, 1, 'D1', 'Regular'),
(38, 1, 'D2', 'Regular'),
(39, 1, 'D3', 'Regular'),
(40, 1, 'D4', 'Regular'),
(41, 1, 'D5', 'Regular'),
(42, 1, 'D6', 'Regular'),
(43, 1, 'D7', 'Regular'),
(44, 1, 'D8', 'Regular'),
(45, 1, 'D9', 'Regular'),
(46, 1, 'D10', 'Regular'),
(47, 1, 'D11', 'Regular'),
(48, 1, 'D12', 'Regular'),
(49, 1, 'E1', 'Regular'),
(50, 1, 'E2', 'Regular'),
(51, 1, 'E3', 'Regular'),
(52, 1, 'E4', 'Regular'),
(53, 1, 'E5', 'Regular'),
(54, 1, 'E6', 'Regular'),
(55, 1, 'E7', 'Regular'),
(56, 1, 'E8', 'Regular'),
(57, 1, 'E9', 'Regular'),
(58, 1, 'E10', 'Regular'),
(59, 1, 'E11', 'Regular'),
(60, 1, 'E12', 'Regular'),
(61, 1, 'F1', 'Regular'),
(62, 1, 'F2', 'Regular'),
(63, 1, 'F3', 'Regular'),
(64, 1, 'F4', 'Regular'),
(65, 1, 'F5', 'Regular'),
(66, 1, 'F6', 'Regular'),
(67, 1, 'F7', 'Regular'),
(68, 1, 'F8', 'Regular'),
(69, 1, 'F9', 'Regular'),
(70, 1, 'F10', 'Regular'),
(71, 1, 'F11', 'Regular'),
(72, 1, 'F12', 'Regular'),
(73, 1, 'G1', 'Regular'),
(74, 1, 'G2', 'Regular'),
(75, 1, 'G3', 'Regular'),
(76, 1, 'G4', 'Regular'),
(77, 1, 'G5', 'Regular'),
(78, 1, 'G6', 'Regular'),
(79, 1, 'G7', 'Regular'),
(80, 1, 'G8', 'Regular'),
(81, 1, 'G9', 'Regular'),
(82, 1, 'G10', 'Regular'),
(83, 1, 'G11', 'Regular'),
(84, 1, 'G12', 'Regular'),
(85, 1, 'H1', 'Regular'),
(86, 1, 'H2', 'Regular'),
(87, 1, 'H3', 'Regular'),
(88, 1, 'H4', 'Regular'),
(89, 1, 'H5', 'Regular'),
(90, 1, 'H6', 'Regular'),
(91, 1, 'H7', 'Regular'),
(92, 1, 'H8', 'Regular'),
(93, 1, 'H9', 'Regular'),
(94, 1, 'H10', 'Regular'),
(95, 1, 'H11', 'Regular'),
(96, 1, 'H12', 'Regular'),
(97, 2, 'A1', 'Regular'),
(98, 2, 'A2', 'Regular'),
(99, 2, 'A3', 'Regular'),
(100, 2, 'A4', 'Regular'),
(101, 2, 'A5', 'Regular'),
(102, 2, 'A6', 'Regular'),
(103, 2, 'A7', 'Regular'),
(104, 2, 'A8', 'Regular'),
(105, 2, 'A9', 'Regular'),
(106, 2, 'A10', 'Regular'),
(107, 2, 'A11', 'Regular'),
(108, 2, 'A12', 'Regular'),
(109, 2, 'B1', 'Regular'),
(110, 2, 'B2', 'Regular'),
(111, 2, 'B3', 'Regular'),
(112, 2, 'B4', 'Regular'),
(113, 2, 'B5', 'Regular'),
(114, 2, 'B6', 'Regular'),
(115, 2, 'B7', 'Regular'),
(116, 2, 'B8', 'Regular'),
(117, 2, 'B9', 'Regular'),
(118, 2, 'B10', 'Regular'),
(119, 2, 'B11', 'Regular'),
(120, 2, 'B12', 'Regular'),
(121, 2, 'C1', 'Regular'),
(122, 2, 'C2', 'Regular'),
(123, 2, 'C3', 'Regular'),
(124, 2, 'C4', 'Regular'),
(125, 2, 'C5', 'Regular'),
(126, 2, 'C6', 'Regular'),
(127, 2, 'C7', 'Regular'),
(128, 2, 'C8', 'Regular'),
(129, 2, 'C9', 'Regular'),
(130, 2, 'C10', 'Regular'),
(131, 2, 'C11', 'Regular'),
(132, 2, 'C12', 'Regular'),
(133, 2, 'D1', 'Regular'),
(134, 2, 'D2', 'Regular'),
(135, 2, 'D3', 'Regular'),
(136, 2, 'D4', 'Regular'),
(137, 2, 'D5', 'Regular'),
(138, 2, 'D6', 'Regular'),
(139, 2, 'D7', 'Regular'),
(140, 2, 'D8', 'Regular'),
(141, 2, 'D9', 'Regular'),
(142, 2, 'D10', 'Regular'),
(143, 2, 'D11', 'Regular'),
(144, 2, 'D12', 'Regular'),
(145, 2, 'E1', 'Regular'),
(146, 2, 'E2', 'Regular'),
(147, 2, 'E3', 'Regular'),
(148, 2, 'E4', 'Regular'),
(149, 2, 'E5', 'Regular'),
(150, 2, 'E6', 'Regular'),
(151, 2, 'E7', 'Regular'),
(152, 2, 'E8', 'Regular'),
(153, 2, 'E9', 'Regular'),
(154, 2, 'E10', 'Regular'),
(155, 2, 'E11', 'Regular'),
(156, 2, 'E12', 'Regular'),
(157, 2, 'F1', 'Regular'),
(158, 2, 'F2', 'Regular'),
(159, 2, 'F3', 'Regular'),
(160, 2, 'F4', 'Regular'),
(161, 2, 'F5', 'Regular'),
(162, 2, 'F6', 'Regular'),
(163, 2, 'F7', 'Regular'),
(164, 2, 'F8', 'Regular'),
(165, 2, 'F9', 'Regular'),
(166, 2, 'F10', 'Regular'),
(167, 2, 'F11', 'Regular'),
(168, 2, 'F12', 'Regular'),
(169, 2, 'G1', 'Regular'),
(170, 2, 'G2', 'Regular'),
(171, 2, 'G3', 'Regular'),
(172, 2, 'G4', 'Regular'),
(173, 2, 'G5', 'Regular'),
(174, 2, 'G6', 'Regular'),
(175, 2, 'G7', 'Regular'),
(176, 2, 'G8', 'Regular'),
(177, 2, 'G9', 'Regular'),
(178, 2, 'G10', 'Regular'),
(179, 2, 'G11', 'Regular'),
(180, 2, 'G12', 'Regular'),
(181, 2, 'H1', 'Regular'),
(182, 2, 'H2', 'Regular'),
(183, 2, 'H3', 'Regular'),
(184, 2, 'H4', 'Regular'),
(185, 2, 'H5', 'Regular'),
(186, 2, 'H6', 'Regular'),
(187, 2, 'H7', 'Regular'),
(188, 2, 'H8', 'Regular'),
(189, 2, 'H9', 'Regular'),
(190, 2, 'H10', 'Regular'),
(191, 2, 'H11', 'Regular'),
(192, 2, 'H12', 'Regular'),
(193, 3, 'A1', 'Regular'),
(194, 3, 'A2', 'Regular'),
(195, 3, 'A3', 'Regular'),
(196, 3, 'A4', 'Regular'),
(197, 3, 'A5', 'Regular'),
(198, 3, 'A6', 'Regular'),
(199, 3, 'A7', 'Regular'),
(200, 3, 'A8', 'Regular'),
(201, 3, 'A9', 'Regular'),
(202, 3, 'A10', 'Regular'),
(203, 3, 'A11', 'Regular'),
(204, 3, 'A12', 'Regular'),
(205, 3, 'B1', 'Regular'),
(206, 3, 'B2', 'Regular'),
(207, 3, 'B3', 'Regular'),
(208, 3, 'B4', 'Regular'),
(209, 3, 'B5', 'Regular'),
(210, 3, 'B6', 'Regular'),
(211, 3, 'B7', 'Regular'),
(212, 3, 'B8', 'Regular'),
(213, 3, 'B9', 'Regular'),
(214, 3, 'B10', 'Regular'),
(215, 3, 'B11', 'Regular'),
(216, 3, 'B12', 'Regular'),
(217, 3, 'C1', 'Regular'),
(218, 3, 'C2', 'Regular'),
(219, 3, 'C3', 'Regular'),
(220, 3, 'C4', 'Regular'),
(221, 3, 'C5', 'Regular'),
(222, 3, 'C6', 'Regular'),
(223, 3, 'C7', 'Regular'),
(224, 3, 'C8', 'Regular'),
(225, 3, 'C9', 'Regular'),
(226, 3, 'C10', 'Regular'),
(227, 3, 'C11', 'Regular'),
(228, 3, 'C12', 'Regular'),
(229, 3, 'D1', 'Regular'),
(230, 3, 'D2', 'Regular'),
(231, 3, 'D3', 'Regular'),
(232, 3, 'D4', 'Regular'),
(233, 3, 'D5', 'Regular'),
(234, 3, 'D6', 'Regular'),
(235, 3, 'D7', 'Regular'),
(236, 3, 'D8', 'Regular'),
(237, 3, 'D9', 'Regular'),
(238, 3, 'D10', 'Regular'),
(239, 3, 'D11', 'Regular'),
(240, 3, 'D12', 'Regular'),
(241, 3, 'E1', 'Regular'),
(242, 3, 'E2', 'Regular'),
(243, 3, 'E3', 'Regular'),
(244, 3, 'E4', 'Regular'),
(245, 3, 'E5', 'Regular'),
(246, 3, 'E6', 'Regular'),
(247, 3, 'E7', 'Regular'),
(248, 3, 'E8', 'Regular'),
(249, 3, 'E9', 'Regular'),
(250, 3, 'E10', 'Regular'),
(251, 3, 'E11', 'Regular'),
(252, 3, 'E12', 'Regular'),
(253, 3, 'F1', 'Regular'),
(254, 3, 'F2', 'Regular'),
(255, 3, 'F3', 'Regular'),
(256, 3, 'F4', 'Regular'),
(257, 3, 'F5', 'Regular'),
(258, 3, 'F6', 'Regular'),
(259, 3, 'F7', 'Regular'),
(260, 3, 'F8', 'Regular'),
(261, 3, 'F9', 'Regular'),
(262, 3, 'F10', 'Regular'),
(263, 3, 'F11', 'Regular'),
(264, 3, 'F12', 'Regular'),
(265, 3, 'G1', 'Regular'),
(266, 3, 'G2', 'Regular'),
(267, 3, 'G3', 'Regular'),
(268, 3, 'G4', 'Regular'),
(269, 3, 'G5', 'Regular'),
(270, 3, 'G6', 'Regular'),
(271, 3, 'G7', 'Regular'),
(272, 3, 'G8', 'Regular'),
(273, 3, 'G9', 'Regular'),
(274, 3, 'G10', 'Regular'),
(275, 3, 'G11', 'Regular'),
(276, 3, 'G12', 'Regular'),
(277, 3, 'H1', 'Regular'),
(278, 3, 'H2', 'Regular'),
(279, 3, 'H3', 'Regular'),
(280, 3, 'H4', 'Regular'),
(281, 3, 'H5', 'Regular'),
(282, 3, 'H6', 'Regular'),
(283, 3, 'H7', 'Regular'),
(284, 3, 'H8', 'Regular'),
(285, 3, 'H9', 'Regular'),
(286, 3, 'H10', 'Regular'),
(287, 3, 'H11', 'Regular'),
(288, 3, 'H12', 'Regular'),
(289, 4, 'A1', 'Regular'),
(290, 4, 'A2', 'Regular'),
(291, 4, 'A3', 'Regular'),
(292, 4, 'A4', 'Regular'),
(293, 4, 'A5', 'Regular'),
(294, 4, 'A6', 'Regular'),
(295, 4, 'A7', 'Regular'),
(296, 4, 'A8', 'Regular'),
(297, 4, 'A9', 'Regular'),
(298, 4, 'A10', 'Regular'),
(299, 4, 'A11', 'Regular'),
(300, 4, 'A12', 'Regular'),
(301, 4, 'B1', 'Regular'),
(302, 4, 'B2', 'Regular'),
(303, 4, 'B3', 'Regular'),
(304, 4, 'B4', 'Regular'),
(305, 4, 'B5', 'Regular'),
(306, 4, 'B6', 'Regular'),
(307, 4, 'B7', 'Regular'),
(308, 4, 'B8', 'Regular'),
(309, 4, 'B9', 'Regular'),
(310, 4, 'B10', 'Regular'),
(311, 4, 'B11', 'Regular'),
(312, 4, 'B12', 'Regular'),
(313, 4, 'C1', 'Regular'),
(314, 4, 'C2', 'Regular'),
(315, 4, 'C3', 'Regular'),
(316, 4, 'C4', 'Regular'),
(317, 4, 'C5', 'Regular'),
(318, 4, 'C6', 'Regular'),
(319, 4, 'C7', 'Regular'),
(320, 4, 'C8', 'Regular'),
(321, 4, 'C9', 'Regular'),
(322, 4, 'C10', 'Regular'),
(323, 4, 'C11', 'Regular'),
(324, 4, 'C12', 'Regular'),
(325, 4, 'D1', 'Regular'),
(326, 4, 'D2', 'Regular'),
(327, 4, 'D3', 'Regular'),
(328, 4, 'D4', 'Regular'),
(329, 4, 'D5', 'Regular'),
(330, 4, 'D6', 'Regular'),
(331, 4, 'D7', 'Regular'),
(332, 4, 'D8', 'Regular'),
(333, 4, 'D9', 'Regular'),
(334, 4, 'D10', 'Regular'),
(335, 4, 'D11', 'Regular'),
(336, 4, 'D12', 'Regular'),
(337, 4, 'E1', 'Regular'),
(338, 4, 'E2', 'Regular'),
(339, 4, 'E3', 'Regular'),
(340, 4, 'E4', 'Regular'),
(341, 4, 'E5', 'Regular'),
(342, 4, 'E6', 'Regular'),
(343, 4, 'E7', 'Regular'),
(344, 4, 'E8', 'Regular'),
(345, 4, 'E9', 'Regular'),
(346, 4, 'E10', 'Regular'),
(347, 4, 'E11', 'Regular'),
(348, 4, 'E12', 'Regular'),
(349, 4, 'F1', 'Regular'),
(350, 4, 'F2', 'Regular'),
(351, 4, 'F3', 'Regular'),
(352, 4, 'F4', 'Regular'),
(353, 4, 'F5', 'Regular'),
(354, 4, 'F6', 'Regular'),
(355, 4, 'F7', 'Regular'),
(356, 4, 'F8', 'Regular'),
(357, 4, 'F9', 'Regular'),
(358, 4, 'F10', 'Regular'),
(359, 4, 'F11', 'Regular'),
(360, 4, 'F12', 'Regular'),
(361, 4, 'G1', 'Regular'),
(362, 4, 'G2', 'Regular'),
(363, 4, 'G3', 'Regular'),
(364, 4, 'G4', 'Regular'),
(365, 4, 'G5', 'Regular'),
(366, 4, 'G6', 'Regular'),
(367, 4, 'G7', 'Regular'),
(368, 4, 'G8', 'Regular'),
(369, 4, 'G9', 'Regular'),
(370, 4, 'G10', 'Regular'),
(371, 4, 'G11', 'Regular'),
(372, 4, 'G12', 'Regular'),
(373, 4, 'H1', 'Regular'),
(374, 4, 'H2', 'Regular'),
(375, 4, 'H3', 'Regular'),
(376, 4, 'H4', 'Regular'),
(377, 4, 'H5', 'Regular'),
(378, 4, 'H6', 'Regular'),
(379, 4, 'H7', 'Regular'),
(380, 4, 'H8', 'Regular'),
(381, 4, 'H9', 'Regular'),
(382, 4, 'H10', 'Regular'),
(383, 4, 'H11', 'Regular'),
(384, 4, 'H12', 'Regular'),
(385, 5, 'A1', 'Regular'),
(386, 5, 'A2', 'Regular'),
(387, 5, 'A3', 'Regular'),
(388, 5, 'A4', 'Regular'),
(389, 5, 'A5', 'Regular'),
(390, 5, 'A6', 'Regular'),
(391, 5, 'A7', 'Regular'),
(392, 5, 'A8', 'Regular'),
(393, 5, 'A9', 'Regular'),
(394, 5, 'A10', 'Regular'),
(395, 5, 'A11', 'Regular'),
(396, 5, 'A12', 'Regular'),
(397, 5, 'B1', 'Regular'),
(398, 5, 'B2', 'Regular'),
(399, 5, 'B3', 'Regular'),
(400, 5, 'B4', 'Regular'),
(401, 5, 'B5', 'Regular'),
(402, 5, 'B6', 'Regular'),
(403, 5, 'B7', 'Regular'),
(404, 5, 'B8', 'Regular'),
(405, 5, 'B9', 'Regular'),
(406, 5, 'B10', 'Regular'),
(407, 5, 'B11', 'Regular'),
(408, 5, 'B12', 'Regular'),
(409, 5, 'C1', 'Regular'),
(410, 5, 'C2', 'Regular'),
(411, 5, 'C3', 'Regular'),
(412, 5, 'C4', 'Regular'),
(413, 5, 'C5', 'Regular'),
(414, 5, 'C6', 'Regular'),
(415, 5, 'C7', 'Regular'),
(416, 5, 'C8', 'Regular'),
(417, 5, 'C9', 'Regular'),
(418, 5, 'C10', 'Regular'),
(419, 5, 'C11', 'Regular'),
(420, 5, 'C12', 'Regular'),
(421, 5, 'D1', 'Regular'),
(422, 5, 'D2', 'Regular'),
(423, 5, 'D3', 'Regular'),
(424, 5, 'D4', 'Regular'),
(425, 5, 'D5', 'Regular'),
(426, 5, 'D6', 'Regular'),
(427, 5, 'D7', 'Regular'),
(428, 5, 'D8', 'Regular'),
(429, 5, 'D9', 'Regular'),
(430, 5, 'D10', 'Regular'),
(431, 5, 'D11', 'Regular'),
(432, 5, 'D12', 'Regular'),
(433, 5, 'E1', 'Regular'),
(434, 5, 'E2', 'Regular'),
(435, 5, 'E3', 'Regular'),
(436, 5, 'E4', 'Regular'),
(437, 5, 'E5', 'Regular'),
(438, 5, 'E6', 'Regular'),
(439, 5, 'E7', 'Regular'),
(440, 5, 'E8', 'Regular'),
(441, 5, 'E9', 'Regular'),
(442, 5, 'E10', 'Regular'),
(443, 5, 'E11', 'Regular'),
(444, 5, 'E12', 'Regular'),
(445, 5, 'F1', 'Regular'),
(446, 5, 'F2', 'Regular'),
(447, 5, 'F3', 'Regular'),
(448, 5, 'F4', 'Regular'),
(449, 5, 'F5', 'Regular'),
(450, 5, 'F6', 'Regular'),
(451, 5, 'F7', 'Regular'),
(452, 5, 'F8', 'Regular'),
(453, 5, 'F9', 'Regular'),
(454, 5, 'F10', 'Regular'),
(455, 5, 'F11', 'Regular'),
(456, 5, 'F12', 'Regular'),
(457, 5, 'G1', 'Regular'),
(458, 5, 'G2', 'Regular'),
(459, 5, 'G3', 'Regular'),
(460, 5, 'G4', 'Regular'),
(461, 5, 'G5', 'Regular'),
(462, 5, 'G6', 'Regular'),
(463, 5, 'G7', 'Regular'),
(464, 5, 'G8', 'Regular'),
(465, 5, 'G9', 'Regular'),
(466, 5, 'G10', 'Regular'),
(467, 5, 'G11', 'Regular'),
(468, 5, 'G12', 'Regular'),
(469, 5, 'H1', 'Regular'),
(470, 5, 'H2', 'Regular'),
(471, 5, 'H3', 'Regular'),
(472, 5, 'H4', 'Regular'),
(473, 5, 'H5', 'Regular'),
(474, 5, 'H6', 'Regular'),
(475, 5, 'H7', 'Regular'),
(476, 5, 'H8', 'Regular'),
(477, 5, 'H9', 'Regular'),
(478, 5, 'H10', 'Regular'),
(479, 5, 'H11', 'Regular'),
(480, 5, 'H12', 'Regular'),
(481, 6, 'A1', 'Regular'),
(482, 6, 'A2', 'Regular'),
(483, 6, 'A3', 'Regular'),
(484, 6, 'A4', 'Regular'),
(485, 6, 'A5', 'Regular'),
(486, 6, 'A6', 'Regular'),
(487, 6, 'A7', 'Regular'),
(488, 6, 'A8', 'Regular'),
(489, 6, 'A9', 'Regular'),
(490, 6, 'A10', 'Regular'),
(491, 6, 'A11', 'Regular'),
(492, 6, 'A12', 'Regular'),
(493, 6, 'B1', 'Regular'),
(494, 6, 'B2', 'Regular'),
(495, 6, 'B3', 'Regular'),
(496, 6, 'B4', 'Regular'),
(497, 6, 'B5', 'Regular'),
(498, 6, 'B6', 'Regular'),
(499, 6, 'B7', 'Regular'),
(500, 6, 'B8', 'Regular'),
(501, 6, 'B9', 'Regular'),
(502, 6, 'B10', 'Regular'),
(503, 6, 'B11', 'Regular'),
(504, 6, 'B12', 'Regular'),
(505, 6, 'C1', 'Regular'),
(506, 6, 'C2', 'Regular'),
(507, 6, 'C3', 'Regular'),
(508, 6, 'C4', 'Regular'),
(509, 6, 'C5', 'Regular'),
(510, 6, 'C6', 'Regular'),
(511, 6, 'C7', 'Regular'),
(512, 6, 'C8', 'Regular'),
(513, 6, 'C9', 'Regular'),
(514, 6, 'C10', 'Regular'),
(515, 6, 'C11', 'Regular'),
(516, 6, 'C12', 'Regular'),
(517, 6, 'D1', 'Regular'),
(518, 6, 'D2', 'Regular'),
(519, 6, 'D3', 'Regular'),
(520, 6, 'D4', 'Regular'),
(521, 6, 'D5', 'Regular'),
(522, 6, 'D6', 'Regular'),
(523, 6, 'D7', 'Regular'),
(524, 6, 'D8', 'Regular'),
(525, 6, 'D9', 'Regular'),
(526, 6, 'D10', 'Regular'),
(527, 6, 'D11', 'Regular'),
(528, 6, 'D12', 'Regular'),
(529, 6, 'E1', 'Regular'),
(530, 6, 'E2', 'Regular'),
(531, 6, 'E3', 'Regular'),
(532, 6, 'E4', 'Regular'),
(533, 6, 'E5', 'Regular'),
(534, 6, 'E6', 'Regular'),
(535, 6, 'E7', 'Regular'),
(536, 6, 'E8', 'Regular'),
(537, 6, 'E9', 'Regular'),
(538, 6, 'E10', 'Regular'),
(539, 6, 'E11', 'Regular'),
(540, 6, 'E12', 'Regular'),
(541, 6, 'F1', 'Regular'),
(542, 6, 'F2', 'Regular'),
(543, 6, 'F3', 'Regular'),
(544, 6, 'F4', 'Regular'),
(545, 6, 'F5', 'Regular'),
(546, 6, 'F6', 'Regular'),
(547, 6, 'F7', 'Regular'),
(548, 6, 'F8', 'Regular'),
(549, 6, 'F9', 'Regular'),
(550, 6, 'F10', 'Regular'),
(551, 6, 'F11', 'Regular'),
(552, 6, 'F12', 'Regular'),
(553, 6, 'G1', 'Regular'),
(554, 6, 'G2', 'Regular'),
(555, 6, 'G3', 'Regular'),
(556, 6, 'G4', 'Regular'),
(557, 6, 'G5', 'Regular'),
(558, 6, 'G6', 'Regular'),
(559, 6, 'G7', 'Regular'),
(560, 6, 'G8', 'Regular'),
(561, 6, 'G9', 'Regular'),
(562, 6, 'G10', 'Regular'),
(563, 6, 'G11', 'Regular'),
(564, 6, 'G12', 'Regular'),
(565, 6, 'H1', 'Regular'),
(566, 6, 'H2', 'Regular'),
(567, 6, 'H3', 'Regular'),
(568, 6, 'H4', 'Regular'),
(569, 6, 'H5', 'Regular'),
(570, 6, 'H6', 'Regular'),
(571, 6, 'H7', 'Regular'),
(572, 6, 'H8', 'Regular'),
(573, 6, 'H9', 'Regular'),
(574, 6, 'H10', 'Regular'),
(575, 6, 'H11', 'Regular'),
(576, 6, 'H12', 'Regular'),
(577, 7, 'A1', 'Regular'),
(578, 7, 'A2', 'Regular'),
(579, 7, 'A3', 'Regular'),
(580, 7, 'A4', 'Regular'),
(581, 7, 'A5', 'Regular'),
(582, 7, 'A6', 'Regular'),
(583, 7, 'A7', 'Regular'),
(584, 7, 'A8', 'Regular'),
(585, 7, 'A9', 'Regular'),
(586, 7, 'A10', 'Regular'),
(587, 7, 'A11', 'Regular'),
(588, 7, 'A12', 'Regular'),
(589, 7, 'B1', 'Regular'),
(590, 7, 'B2', 'Regular'),
(591, 7, 'B3', 'Regular'),
(592, 7, 'B4', 'Regular'),
(593, 7, 'B5', 'Regular'),
(594, 7, 'B6', 'Regular'),
(595, 7, 'B7', 'Regular'),
(596, 7, 'B8', 'Regular'),
(597, 7, 'B9', 'Regular'),
(598, 7, 'B10', 'Regular'),
(599, 7, 'B11', 'Regular'),
(600, 7, 'B12', 'Regular'),
(601, 7, 'C1', 'Regular'),
(602, 7, 'C2', 'Regular'),
(603, 7, 'C3', 'Regular'),
(604, 7, 'C4', 'Regular'),
(605, 7, 'C5', 'Regular'),
(606, 7, 'C6', 'Regular'),
(607, 7, 'C7', 'Regular'),
(608, 7, 'C8', 'Regular'),
(609, 7, 'C9', 'Regular'),
(610, 7, 'C10', 'Regular'),
(611, 7, 'C11', 'Regular'),
(612, 7, 'C12', 'Regular'),
(613, 7, 'D1', 'Regular'),
(614, 7, 'D2', 'Regular'),
(615, 7, 'D3', 'Regular'),
(616, 7, 'D4', 'Regular'),
(617, 7, 'D5', 'Regular'),
(618, 7, 'D6', 'Regular'),
(619, 7, 'D7', 'Regular'),
(620, 7, 'D8', 'Regular'),
(621, 7, 'D9', 'Regular'),
(622, 7, 'D10', 'Regular'),
(623, 7, 'D11', 'Regular'),
(624, 7, 'D12', 'Regular'),
(625, 7, 'E1', 'Regular'),
(626, 7, 'E2', 'Regular'),
(627, 7, 'E3', 'Regular'),
(628, 7, 'E4', 'Regular'),
(629, 7, 'E5', 'Regular'),
(630, 7, 'E6', 'Regular'),
(631, 7, 'E7', 'Regular'),
(632, 7, 'E8', 'Regular'),
(633, 7, 'E9', 'Regular'),
(634, 7, 'E10', 'Regular'),
(635, 7, 'E11', 'Regular'),
(636, 7, 'E12', 'Regular'),
(637, 7, 'F1', 'Regular'),
(638, 7, 'F2', 'Regular'),
(639, 7, 'F3', 'Regular'),
(640, 7, 'F4', 'Regular'),
(641, 7, 'F5', 'Regular'),
(642, 7, 'F6', 'Regular'),
(643, 7, 'F7', 'Regular'),
(644, 7, 'F8', 'Regular'),
(645, 7, 'F9', 'Regular'),
(646, 7, 'F10', 'Regular'),
(647, 7, 'F11', 'Regular'),
(648, 7, 'F12', 'Regular'),
(649, 7, 'G1', 'Regular'),
(650, 7, 'G2', 'Regular'),
(651, 7, 'G3', 'Regular'),
(652, 7, 'G4', 'Regular'),
(653, 7, 'G5', 'Regular'),
(654, 7, 'G6', 'Regular'),
(655, 7, 'G7', 'Regular'),
(656, 7, 'G8', 'Regular'),
(657, 7, 'G9', 'Regular'),
(658, 7, 'G10', 'Regular'),
(659, 7, 'G11', 'Regular'),
(660, 7, 'G12', 'Regular'),
(661, 7, 'H1', 'Regular'),
(662, 7, 'H2', 'Regular'),
(663, 7, 'H3', 'Regular'),
(664, 7, 'H4', 'Regular'),
(665, 7, 'H5', 'Regular'),
(666, 7, 'H6', 'Regular'),
(667, 7, 'H7', 'Regular'),
(668, 7, 'H8', 'Regular'),
(669, 7, 'H9', 'Regular'),
(670, 7, 'H10', 'Regular'),
(671, 7, 'H11', 'Regular'),
(672, 7, 'H12', 'Regular'),
(673, 8, 'A1', 'Regular'),
(674, 8, 'A2', 'Regular'),
(675, 8, 'A3', 'Regular'),
(676, 8, 'A4', 'Regular'),
(677, 8, 'A5', 'Regular'),
(678, 8, 'A6', 'Regular'),
(679, 8, 'A7', 'Regular'),
(680, 8, 'A8', 'Regular'),
(681, 8, 'A9', 'Regular'),
(682, 8, 'A10', 'Regular'),
(683, 8, 'A11', 'Regular'),
(684, 8, 'A12', 'Regular'),
(685, 8, 'B1', 'Regular'),
(686, 8, 'B2', 'Regular'),
(687, 8, 'B3', 'Regular'),
(688, 8, 'B4', 'Regular'),
(689, 8, 'B5', 'Regular'),
(690, 8, 'B6', 'Regular'),
(691, 8, 'B7', 'Regular'),
(692, 8, 'B8', 'Regular'),
(693, 8, 'B9', 'Regular'),
(694, 8, 'B10', 'Regular'),
(695, 8, 'B11', 'Regular'),
(696, 8, 'B12', 'Regular'),
(697, 8, 'C1', 'Regular'),
(698, 8, 'C2', 'Regular'),
(699, 8, 'C3', 'Regular'),
(700, 8, 'C4', 'Regular'),
(701, 8, 'C5', 'Regular'),
(702, 8, 'C6', 'Regular'),
(703, 8, 'C7', 'Regular'),
(704, 8, 'C8', 'Regular'),
(705, 8, 'C9', 'Regular'),
(706, 8, 'C10', 'Regular'),
(707, 8, 'C11', 'Regular'),
(708, 8, 'C12', 'Regular'),
(709, 8, 'D1', 'Regular'),
(710, 8, 'D2', 'Regular'),
(711, 8, 'D3', 'Regular'),
(712, 8, 'D4', 'Regular'),
(713, 8, 'D5', 'Regular'),
(714, 8, 'D6', 'Regular'),
(715, 8, 'D7', 'Regular'),
(716, 8, 'D8', 'Regular'),
(717, 8, 'D9', 'Regular'),
(718, 8, 'D10', 'Regular'),
(719, 8, 'D11', 'Regular'),
(720, 8, 'D12', 'Regular'),
(721, 8, 'E1', 'Regular'),
(722, 8, 'E2', 'Regular'),
(723, 8, 'E3', 'Regular'),
(724, 8, 'E4', 'Regular'),
(725, 8, 'E5', 'Regular'),
(726, 8, 'E6', 'Regular'),
(727, 8, 'E7', 'Regular'),
(728, 8, 'E8', 'Regular'),
(729, 8, 'E9', 'Regular'),
(730, 8, 'E10', 'Regular'),
(731, 8, 'E11', 'Regular'),
(732, 8, 'E12', 'Regular'),
(733, 8, 'F1', 'Regular'),
(734, 8, 'F2', 'Regular'),
(735, 8, 'F3', 'Regular'),
(736, 8, 'F4', 'Regular'),
(737, 8, 'F5', 'Regular'),
(738, 8, 'F6', 'Regular'),
(739, 8, 'F7', 'Regular'),
(740, 8, 'F8', 'Regular'),
(741, 8, 'F9', 'Regular'),
(742, 8, 'F10', 'Regular'),
(743, 8, 'F11', 'Regular'),
(744, 8, 'F12', 'Regular'),
(745, 8, 'G1', 'Regular'),
(746, 8, 'G2', 'Regular'),
(747, 8, 'G3', 'Regular'),
(748, 8, 'G4', 'Regular'),
(749, 8, 'G5', 'Regular'),
(750, 8, 'G6', 'Regular'),
(751, 8, 'G7', 'Regular'),
(752, 8, 'G8', 'Regular'),
(753, 8, 'G9', 'Regular'),
(754, 8, 'G10', 'Regular'),
(755, 8, 'G11', 'Regular'),
(756, 8, 'G12', 'Regular'),
(757, 8, 'H1', 'Regular'),
(758, 8, 'H2', 'Regular'),
(759, 8, 'H3', 'Regular'),
(760, 8, 'H4', 'Regular'),
(761, 8, 'H5', 'Regular'),
(762, 8, 'H6', 'Regular'),
(763, 8, 'H7', 'Regular'),
(764, 8, 'H8', 'Regular'),
(765, 8, 'H9', 'Regular'),
(766, 8, 'H10', 'Regular'),
(767, 8, 'H11', 'Regular'),
(768, 8, 'H12', 'Regular'),
(769, 9, 'A1', 'Regular'),
(770, 9, 'A2', 'Regular'),
(771, 9, 'A3', 'Regular'),
(772, 9, 'A4', 'Regular'),
(773, 9, 'A5', 'Regular'),
(774, 9, 'A6', 'Regular'),
(775, 9, 'A7', 'Regular'),
(776, 9, 'A8', 'Regular'),
(777, 9, 'A9', 'Regular'),
(778, 9, 'A10', 'Regular'),
(779, 9, 'A11', 'Regular'),
(780, 9, 'A12', 'Regular'),
(781, 9, 'B1', 'Regular'),
(782, 9, 'B2', 'Regular'),
(783, 9, 'B3', 'Regular'),
(784, 9, 'B4', 'Regular'),
(785, 9, 'B5', 'Regular'),
(786, 9, 'B6', 'Regular'),
(787, 9, 'B7', 'Regular'),
(788, 9, 'B8', 'Regular'),
(789, 9, 'B9', 'Regular'),
(790, 9, 'B10', 'Regular'),
(791, 9, 'B11', 'Regular'),
(792, 9, 'B12', 'Regular'),
(793, 9, 'C1', 'Regular'),
(794, 9, 'C2', 'Regular'),
(795, 9, 'C3', 'Regular'),
(796, 9, 'C4', 'Regular'),
(797, 9, 'C5', 'Regular'),
(798, 9, 'C6', 'Regular'),
(799, 9, 'C7', 'Regular'),
(800, 9, 'C8', 'Regular'),
(801, 9, 'C9', 'Regular'),
(802, 9, 'C10', 'Regular'),
(803, 9, 'C11', 'Regular'),
(804, 9, 'C12', 'Regular'),
(805, 9, 'D1', 'Regular'),
(806, 9, 'D2', 'Regular'),
(807, 9, 'D3', 'Regular'),
(808, 9, 'D4', 'Regular'),
(809, 9, 'D5', 'Regular'),
(810, 9, 'D6', 'Regular'),
(811, 9, 'D7', 'Regular'),
(812, 9, 'D8', 'Regular'),
(813, 9, 'D9', 'Regular'),
(814, 9, 'D10', 'Regular'),
(815, 9, 'D11', 'Regular'),
(816, 9, 'D12', 'Regular'),
(817, 9, 'E1', 'Regular'),
(818, 9, 'E2', 'Regular'),
(819, 9, 'E3', 'Regular'),
(820, 9, 'E4', 'Regular'),
(821, 9, 'E5', 'Regular'),
(822, 9, 'E6', 'Regular'),
(823, 9, 'E7', 'Regular'),
(824, 9, 'E8', 'Regular'),
(825, 9, 'E9', 'Regular'),
(826, 9, 'E10', 'Regular'),
(827, 9, 'E11', 'Regular'),
(828, 9, 'E12', 'Regular'),
(829, 9, 'F1', 'Regular'),
(830, 9, 'F2', 'Regular'),
(831, 9, 'F3', 'Regular'),
(832, 9, 'F4', 'Regular'),
(833, 9, 'F5', 'Regular'),
(834, 9, 'F6', 'Regular'),
(835, 9, 'F7', 'Regular'),
(836, 9, 'F8', 'Regular'),
(837, 9, 'F9', 'Regular'),
(838, 9, 'F10', 'Regular'),
(839, 9, 'F11', 'Regular'),
(840, 9, 'F12', 'Regular'),
(841, 9, 'G1', 'Regular'),
(842, 9, 'G2', 'Regular'),
(843, 9, 'G3', 'Regular'),
(844, 9, 'G4', 'Regular'),
(845, 9, 'G5', 'Regular'),
(846, 9, 'G6', 'Regular'),
(847, 9, 'G7', 'Regular'),
(848, 9, 'G8', 'Regular'),
(849, 9, 'G9', 'Regular'),
(850, 9, 'G10', 'Regular'),
(851, 9, 'G11', 'Regular'),
(852, 9, 'G12', 'Regular'),
(853, 9, 'H1', 'Regular'),
(854, 9, 'H2', 'Regular'),
(855, 9, 'H3', 'Regular'),
(856, 9, 'H4', 'Regular'),
(857, 9, 'H5', 'Regular'),
(858, 9, 'H6', 'Regular'),
(859, 9, 'H7', 'Regular'),
(860, 9, 'H8', 'Regular'),
(861, 9, 'H9', 'Regular'),
(862, 9, 'H10', 'Regular'),
(863, 9, 'H11', 'Regular'),
(864, 9, 'H12', 'Regular'),
(865, 10, 'A1', 'Regular'),
(866, 10, 'A2', 'Regular'),
(867, 10, 'A3', 'Regular'),
(868, 10, 'A4', 'Regular'),
(869, 10, 'A5', 'Regular'),
(870, 10, 'A6', 'Regular'),
(871, 10, 'A7', 'Regular'),
(872, 10, 'A8', 'Regular'),
(873, 10, 'A9', 'Regular'),
(874, 10, 'A10', 'Regular'),
(875, 10, 'A11', 'Regular'),
(876, 10, 'A12', 'Regular'),
(877, 10, 'B1', 'Regular'),
(878, 10, 'B2', 'Regular'),
(879, 10, 'B3', 'Regular'),
(880, 10, 'B4', 'Regular'),
(881, 10, 'B5', 'Regular'),
(882, 10, 'B6', 'Regular'),
(883, 10, 'B7', 'Regular'),
(884, 10, 'B8', 'Regular'),
(885, 10, 'B9', 'Regular'),
(886, 10, 'B10', 'Regular'),
(887, 10, 'B11', 'Regular'),
(888, 10, 'B12', 'Regular'),
(889, 10, 'C1', 'Regular'),
(890, 10, 'C2', 'Regular'),
(891, 10, 'C3', 'Regular'),
(892, 10, 'C4', 'Regular'),
(893, 10, 'C5', 'Regular'),
(894, 10, 'C6', 'Regular'),
(895, 10, 'C7', 'Regular'),
(896, 10, 'C8', 'Regular'),
(897, 10, 'C9', 'Regular'),
(898, 10, 'C10', 'Regular'),
(899, 10, 'C11', 'Regular'),
(900, 10, 'C12', 'Regular'),
(901, 10, 'D1', 'Regular'),
(902, 10, 'D2', 'Regular'),
(903, 10, 'D3', 'Regular'),
(904, 10, 'D4', 'Regular'),
(905, 10, 'D5', 'Regular'),
(906, 10, 'D6', 'Regular'),
(907, 10, 'D7', 'Regular'),
(908, 10, 'D8', 'Regular'),
(909, 10, 'D9', 'Regular'),
(910, 10, 'D10', 'Regular'),
(911, 10, 'D11', 'Regular'),
(912, 10, 'D12', 'Regular'),
(913, 10, 'E1', 'Regular'),
(914, 10, 'E2', 'Regular'),
(915, 10, 'E3', 'Regular'),
(916, 10, 'E4', 'Regular'),
(917, 10, 'E5', 'Regular'),
(918, 10, 'E6', 'Regular'),
(919, 10, 'E7', 'Regular'),
(920, 10, 'E8', 'Regular'),
(921, 10, 'E9', 'Regular'),
(922, 10, 'E10', 'Regular'),
(923, 10, 'E11', 'Regular'),
(924, 10, 'E12', 'Regular'),
(925, 10, 'F1', 'Regular'),
(926, 10, 'F2', 'Regular'),
(927, 10, 'F3', 'Regular'),
(928, 10, 'F4', 'Regular'),
(929, 10, 'F5', 'Regular'),
(930, 10, 'F6', 'Regular'),
(931, 10, 'F7', 'Regular'),
(932, 10, 'F8', 'Regular'),
(933, 10, 'F9', 'Regular'),
(934, 10, 'F10', 'Regular'),
(935, 10, 'F11', 'Regular'),
(936, 10, 'F12', 'Regular'),
(937, 10, 'G1', 'Regular'),
(938, 10, 'G2', 'Regular'),
(939, 10, 'G3', 'Regular'),
(940, 10, 'G4', 'Regular'),
(941, 10, 'G5', 'Regular'),
(942, 10, 'G6', 'Regular'),
(943, 10, 'G7', 'Regular'),
(944, 10, 'G8', 'Regular'),
(945, 10, 'G9', 'Regular'),
(946, 10, 'G10', 'Regular'),
(947, 10, 'G11', 'Regular'),
(948, 10, 'G12', 'Regular'),
(949, 10, 'H1', 'Regular'),
(950, 10, 'H2', 'Regular'),
(951, 10, 'H3', 'Regular'),
(952, 10, 'H4', 'Regular'),
(953, 10, 'H5', 'Regular'),
(954, 10, 'H6', 'Regular'),
(955, 10, 'H7', 'Regular'),
(956, 10, 'H8', 'Regular'),
(957, 10, 'H9', 'Regular'),
(958, 10, 'H10', 'Regular'),
(959, 10, 'H11', 'Regular'),
(960, 10, 'H12', 'Regular'),
(961, 11, 'A1', 'Regular'),
(962, 11, 'A2', 'Regular'),
(963, 11, 'A3', 'Regular'),
(964, 11, 'A4', 'Regular'),
(965, 11, 'A5', 'Regular'),
(966, 11, 'A6', 'Regular'),
(967, 11, 'A7', 'Regular'),
(968, 11, 'A8', 'Regular'),
(969, 11, 'A9', 'Regular'),
(970, 11, 'A10', 'Regular'),
(971, 11, 'A11', 'Regular'),
(972, 11, 'A12', 'Regular'),
(973, 11, 'B1', 'Regular'),
(974, 11, 'B2', 'Regular'),
(975, 11, 'B3', 'Regular'),
(976, 11, 'B4', 'Regular'),
(977, 11, 'B5', 'Regular'),
(978, 11, 'B6', 'Regular'),
(979, 11, 'B7', 'Regular'),
(980, 11, 'B8', 'Regular'),
(981, 11, 'B9', 'Regular'),
(982, 11, 'B10', 'Regular'),
(983, 11, 'B11', 'Regular'),
(984, 11, 'B12', 'Regular'),
(985, 11, 'C1', 'Regular'),
(986, 11, 'C2', 'Regular'),
(987, 11, 'C3', 'Regular'),
(988, 11, 'C4', 'Regular'),
(989, 11, 'C5', 'Regular'),
(990, 11, 'C6', 'Regular'),
(991, 11, 'C7', 'Regular'),
(992, 11, 'C8', 'Regular'),
(993, 11, 'C9', 'Regular'),
(994, 11, 'C10', 'Regular'),
(995, 11, 'C11', 'Regular'),
(996, 11, 'C12', 'Regular'),
(997, 11, 'D1', 'Regular'),
(998, 11, 'D2', 'Regular'),
(999, 11, 'D3', 'Regular'),
(1000, 11, 'D4', 'Regular'),
(1001, 11, 'D5', 'Regular'),
(1002, 11, 'D6', 'Regular'),
(1003, 11, 'D7', 'Regular'),
(1004, 11, 'D8', 'Regular'),
(1005, 11, 'D9', 'Regular'),
(1006, 11, 'D10', 'Regular'),
(1007, 11, 'D11', 'Regular'),
(1008, 11, 'D12', 'Regular'),
(1009, 11, 'E1', 'Regular'),
(1010, 11, 'E2', 'Regular'),
(1011, 11, 'E3', 'Regular'),
(1012, 11, 'E4', 'Regular'),
(1013, 11, 'E5', 'Regular'),
(1014, 11, 'E6', 'Regular'),
(1015, 11, 'E7', 'Regular'),
(1016, 11, 'E8', 'Regular'),
(1017, 11, 'E9', 'Regular'),
(1018, 11, 'E10', 'Regular'),
(1019, 11, 'E11', 'Regular'),
(1020, 11, 'E12', 'Regular'),
(1021, 11, 'F1', 'Regular'),
(1022, 11, 'F2', 'Regular'),
(1023, 11, 'F3', 'Regular'),
(1024, 11, 'F4', 'Regular'),
(1025, 11, 'F5', 'Regular'),
(1026, 11, 'F6', 'Regular'),
(1027, 11, 'F7', 'Regular'),
(1028, 11, 'F8', 'Regular'),
(1029, 11, 'F9', 'Regular'),
(1030, 11, 'F10', 'Regular'),
(1031, 11, 'F11', 'Regular'),
(1032, 11, 'F12', 'Regular'),
(1033, 11, 'G1', 'Regular'),
(1034, 11, 'G2', 'Regular'),
(1035, 11, 'G3', 'Regular'),
(1036, 11, 'G4', 'Regular'),
(1037, 11, 'G5', 'Regular'),
(1038, 11, 'G6', 'Regular'),
(1039, 11, 'G7', 'Regular'),
(1040, 11, 'G8', 'Regular'),
(1041, 11, 'G9', 'Regular'),
(1042, 11, 'G10', 'Regular'),
(1043, 11, 'G11', 'Regular'),
(1044, 11, 'G12', 'Regular'),
(1045, 11, 'H1', 'Regular'),
(1046, 11, 'H2', 'Regular'),
(1047, 11, 'H3', 'Regular'),
(1048, 11, 'H4', 'Regular'),
(1049, 11, 'H5', 'Regular'),
(1050, 11, 'H6', 'Regular'),
(1051, 11, 'H7', 'Regular'),
(1052, 11, 'H8', 'Regular'),
(1053, 11, 'H9', 'Regular'),
(1054, 11, 'H10', 'Regular'),
(1055, 11, 'H11', 'Regular'),
(1056, 11, 'H12', 'Regular'),
(1057, 12, 'A1', 'Regular'),
(1058, 12, 'A2', 'Regular'),
(1059, 12, 'A3', 'Regular'),
(1060, 12, 'A4', 'Regular'),
(1061, 12, 'A5', 'Regular'),
(1062, 12, 'A6', 'Regular'),
(1063, 12, 'A7', 'Regular'),
(1064, 12, 'A8', 'Regular'),
(1065, 12, 'A9', 'Regular'),
(1066, 12, 'A10', 'Regular'),
(1067, 12, 'A11', 'Regular'),
(1068, 12, 'A12', 'Regular'),
(1069, 12, 'B1', 'Regular'),
(1070, 12, 'B2', 'Regular'),
(1071, 12, 'B3', 'Regular'),
(1072, 12, 'B4', 'Regular'),
(1073, 12, 'B5', 'Regular'),
(1074, 12, 'B6', 'Regular'),
(1075, 12, 'B7', 'Regular'),
(1076, 12, 'B8', 'Regular'),
(1077, 12, 'B9', 'Regular'),
(1078, 12, 'B10', 'Regular'),
(1079, 12, 'B11', 'Regular'),
(1080, 12, 'B12', 'Regular'),
(1081, 12, 'C1', 'Regular'),
(1082, 12, 'C2', 'Regular'),
(1083, 12, 'C3', 'Regular'),
(1084, 12, 'C4', 'Regular'),
(1085, 12, 'C5', 'Regular'),
(1086, 12, 'C6', 'Regular'),
(1087, 12, 'C7', 'Regular'),
(1088, 12, 'C8', 'Regular'),
(1089, 12, 'C9', 'Regular'),
(1090, 12, 'C10', 'Regular'),
(1091, 12, 'C11', 'Regular'),
(1092, 12, 'C12', 'Regular'),
(1093, 12, 'D1', 'Regular'),
(1094, 12, 'D2', 'Regular'),
(1095, 12, 'D3', 'Regular'),
(1096, 12, 'D4', 'Regular'),
(1097, 12, 'D5', 'Regular'),
(1098, 12, 'D6', 'Regular'),
(1099, 12, 'D7', 'Regular'),
(1100, 12, 'D8', 'Regular'),
(1101, 12, 'D9', 'Regular'),
(1102, 12, 'D10', 'Regular'),
(1103, 12, 'D11', 'Regular'),
(1104, 12, 'D12', 'Regular'),
(1105, 12, 'E1', 'Regular'),
(1106, 12, 'E2', 'Regular'),
(1107, 12, 'E3', 'Regular'),
(1108, 12, 'E4', 'Regular'),
(1109, 12, 'E5', 'Regular'),
(1110, 12, 'E6', 'Regular'),
(1111, 12, 'E7', 'Regular'),
(1112, 12, 'E8', 'Regular'),
(1113, 12, 'E9', 'Regular'),
(1114, 12, 'E10', 'Regular'),
(1115, 12, 'E11', 'Regular'),
(1116, 12, 'E12', 'Regular'),
(1117, 12, 'F1', 'Regular'),
(1118, 12, 'F2', 'Regular'),
(1119, 12, 'F3', 'Regular'),
(1120, 12, 'F4', 'Regular'),
(1121, 12, 'F5', 'Regular'),
(1122, 12, 'F6', 'Regular'),
(1123, 12, 'F7', 'Regular'),
(1124, 12, 'F8', 'Regular'),
(1125, 12, 'F9', 'Regular'),
(1126, 12, 'F10', 'Regular'),
(1127, 12, 'F11', 'Regular'),
(1128, 12, 'F12', 'Regular'),
(1129, 12, 'G1', 'Regular'),
(1130, 12, 'G2', 'Regular'),
(1131, 12, 'G3', 'Regular'),
(1132, 12, 'G4', 'Regular'),
(1133, 12, 'G5', 'Regular'),
(1134, 12, 'G6', 'Regular'),
(1135, 12, 'G7', 'Regular'),
(1136, 12, 'G8', 'Regular'),
(1137, 12, 'G9', 'Regular'),
(1138, 12, 'G10', 'Regular'),
(1139, 12, 'G11', 'Regular'),
(1140, 12, 'G12', 'Regular'),
(1141, 12, 'H1', 'Regular'),
(1142, 12, 'H2', 'Regular'),
(1143, 12, 'H3', 'Regular'),
(1144, 12, 'H4', 'Regular'),
(1145, 12, 'H5', 'Regular'),
(1146, 12, 'H6', 'Regular'),
(1147, 12, 'H7', 'Regular'),
(1148, 12, 'H8', 'Regular'),
(1149, 12, 'H9', 'Regular'),
(1150, 12, 'H10', 'Regular'),
(1151, 12, 'H11', 'Regular'),
(1152, 12, 'H12', 'Regular'),
(1153, 13, 'A1', 'Regular'),
(1154, 13, 'A2', 'Regular'),
(1155, 13, 'A3', 'Regular'),
(1156, 13, 'A4', 'Regular'),
(1157, 13, 'A5', 'Regular'),
(1158, 13, 'A6', 'Regular'),
(1159, 13, 'A7', 'Regular'),
(1160, 13, 'A8', 'Regular'),
(1161, 13, 'A9', 'Regular'),
(1162, 13, 'A10', 'Regular'),
(1163, 13, 'A11', 'Regular'),
(1164, 13, 'A12', 'Regular'),
(1165, 13, 'B1', 'Regular'),
(1166, 13, 'B2', 'Regular'),
(1167, 13, 'B3', 'Regular'),
(1168, 13, 'B4', 'Regular'),
(1169, 13, 'B5', 'Regular'),
(1170, 13, 'B6', 'Regular'),
(1171, 13, 'B7', 'Regular'),
(1172, 13, 'B8', 'Regular'),
(1173, 13, 'B9', 'Regular'),
(1174, 13, 'B10', 'Regular'),
(1175, 13, 'B11', 'Regular'),
(1176, 13, 'B12', 'Regular'),
(1177, 13, 'C1', 'Regular'),
(1178, 13, 'C2', 'Regular'),
(1179, 13, 'C3', 'Regular'),
(1180, 13, 'C4', 'Regular'),
(1181, 13, 'C5', 'Regular'),
(1182, 13, 'C6', 'Regular'),
(1183, 13, 'C7', 'Regular'),
(1184, 13, 'C8', 'Regular'),
(1185, 13, 'C9', 'Regular'),
(1186, 13, 'C10', 'Regular'),
(1187, 13, 'C11', 'Regular'),
(1188, 13, 'C12', 'Regular'),
(1189, 13, 'D1', 'Regular'),
(1190, 13, 'D2', 'Regular'),
(1191, 13, 'D3', 'Regular'),
(1192, 13, 'D4', 'Regular'),
(1193, 13, 'D5', 'Regular'),
(1194, 13, 'D6', 'Regular'),
(1195, 13, 'D7', 'Regular'),
(1196, 13, 'D8', 'Regular'),
(1197, 13, 'D9', 'Regular'),
(1198, 13, 'D10', 'Regular'),
(1199, 13, 'D11', 'Regular'),
(1200, 13, 'D12', 'Regular'),
(1201, 13, 'E1', 'Regular'),
(1202, 13, 'E2', 'Regular'),
(1203, 13, 'E3', 'Regular'),
(1204, 13, 'E4', 'Regular'),
(1205, 13, 'E5', 'Regular'),
(1206, 13, 'E6', 'Regular'),
(1207, 13, 'E7', 'Regular'),
(1208, 13, 'E8', 'Regular'),
(1209, 13, 'E9', 'Regular'),
(1210, 13, 'E10', 'Regular'),
(1211, 13, 'E11', 'Regular'),
(1212, 13, 'E12', 'Regular'),
(1213, 13, 'F1', 'Regular'),
(1214, 13, 'F2', 'Regular'),
(1215, 13, 'F3', 'Regular'),
(1216, 13, 'F4', 'Regular'),
(1217, 13, 'F5', 'Regular'),
(1218, 13, 'F6', 'Regular'),
(1219, 13, 'F7', 'Regular'),
(1220, 13, 'F8', 'Regular'),
(1221, 13, 'F9', 'Regular'),
(1222, 13, 'F10', 'Regular'),
(1223, 13, 'F11', 'Regular'),
(1224, 13, 'F12', 'Regular'),
(1225, 13, 'G1', 'Regular'),
(1226, 13, 'G2', 'Regular'),
(1227, 13, 'G3', 'Regular'),
(1228, 13, 'G4', 'Regular'),
(1229, 13, 'G5', 'Regular'),
(1230, 13, 'G6', 'Regular'),
(1231, 13, 'G7', 'Regular'),
(1232, 13, 'G8', 'Regular'),
(1233, 13, 'G9', 'Regular'),
(1234, 13, 'G10', 'Regular'),
(1235, 13, 'G11', 'Regular'),
(1236, 13, 'G12', 'Regular'),
(1237, 13, 'H1', 'Regular'),
(1238, 13, 'H2', 'Regular'),
(1239, 13, 'H3', 'Regular'),
(1240, 13, 'H4', 'Regular'),
(1241, 13, 'H5', 'Regular'),
(1242, 13, 'H6', 'Regular'),
(1243, 13, 'H7', 'Regular'),
(1244, 13, 'H8', 'Regular'),
(1245, 13, 'H9', 'Regular'),
(1246, 13, 'H10', 'Regular'),
(1247, 13, 'H11', 'Regular'),
(1248, 13, 'H12', 'Regular'),
(1249, 14, 'A1', 'Regular'),
(1250, 14, 'A2', 'Regular'),
(1251, 14, 'A3', 'Regular'),
(1252, 14, 'A4', 'Regular'),
(1253, 14, 'A5', 'Regular'),
(1254, 14, 'A6', 'Regular'),
(1255, 14, 'A7', 'Regular'),
(1256, 14, 'A8', 'Regular'),
(1257, 14, 'A9', 'Regular'),
(1258, 14, 'A10', 'Regular'),
(1259, 14, 'A11', 'Regular'),
(1260, 14, 'A12', 'Regular'),
(1261, 14, 'B1', 'Regular'),
(1262, 14, 'B2', 'Regular'),
(1263, 14, 'B3', 'Regular'),
(1264, 14, 'B4', 'Regular'),
(1265, 14, 'B5', 'Regular'),
(1266, 14, 'B6', 'Regular'),
(1267, 14, 'B7', 'Regular'),
(1268, 14, 'B8', 'Regular'),
(1269, 14, 'B9', 'Regular'),
(1270, 14, 'B10', 'Regular'),
(1271, 14, 'B11', 'Regular'),
(1272, 14, 'B12', 'Regular'),
(1273, 14, 'C1', 'Regular'),
(1274, 14, 'C2', 'Regular'),
(1275, 14, 'C3', 'Regular'),
(1276, 14, 'C4', 'Regular'),
(1277, 14, 'C5', 'Regular'),
(1278, 14, 'C6', 'Regular'),
(1279, 14, 'C7', 'Regular'),
(1280, 14, 'C8', 'Regular'),
(1281, 14, 'C9', 'Regular'),
(1282, 14, 'C10', 'Regular'),
(1283, 14, 'C11', 'Regular'),
(1284, 14, 'C12', 'Regular'),
(1285, 14, 'D1', 'Regular'),
(1286, 14, 'D2', 'Regular'),
(1287, 14, 'D3', 'Regular'),
(1288, 14, 'D4', 'Regular'),
(1289, 14, 'D5', 'Regular'),
(1290, 14, 'D6', 'Regular'),
(1291, 14, 'D7', 'Regular'),
(1292, 14, 'D8', 'Regular'),
(1293, 14, 'D9', 'Regular'),
(1294, 14, 'D10', 'Regular'),
(1295, 14, 'D11', 'Regular'),
(1296, 14, 'D12', 'Regular'),
(1297, 14, 'E1', 'Regular'),
(1298, 14, 'E2', 'Regular'),
(1299, 14, 'E3', 'Regular'),
(1300, 14, 'E4', 'Regular'),
(1301, 14, 'E5', 'Regular'),
(1302, 14, 'E6', 'Regular'),
(1303, 14, 'E7', 'Regular'),
(1304, 14, 'E8', 'Regular'),
(1305, 14, 'E9', 'Regular'),
(1306, 14, 'E10', 'Regular'),
(1307, 14, 'E11', 'Regular'),
(1308, 14, 'E12', 'Regular'),
(1309, 14, 'F1', 'Regular'),
(1310, 14, 'F2', 'Regular'),
(1311, 14, 'F3', 'Regular'),
(1312, 14, 'F4', 'Regular'),
(1313, 14, 'F5', 'Regular'),
(1314, 14, 'F6', 'Regular'),
(1315, 14, 'F7', 'Regular'),
(1316, 14, 'F8', 'Regular'),
(1317, 14, 'F9', 'Regular'),
(1318, 14, 'F10', 'Regular'),
(1319, 14, 'F11', 'Regular'),
(1320, 14, 'F12', 'Regular'),
(1321, 14, 'G1', 'Regular'),
(1322, 14, 'G2', 'Regular'),
(1323, 14, 'G3', 'Regular'),
(1324, 14, 'G4', 'Regular'),
(1325, 14, 'G5', 'Regular'),
(1326, 14, 'G6', 'Regular'),
(1327, 14, 'G7', 'Regular'),
(1328, 14, 'G8', 'Regular'),
(1329, 14, 'G9', 'Regular'),
(1330, 14, 'G10', 'Regular'),
(1331, 14, 'G11', 'Regular'),
(1332, 14, 'G12', 'Regular'),
(1333, 14, 'H1', 'Regular'),
(1334, 14, 'H2', 'Regular'),
(1335, 14, 'H3', 'Regular'),
(1336, 14, 'H4', 'Regular'),
(1337, 14, 'H5', 'Regular'),
(1338, 14, 'H6', 'Regular'),
(1339, 14, 'H7', 'Regular'),
(1340, 14, 'H8', 'Regular'),
(1341, 14, 'H9', 'Regular'),
(1342, 14, 'H10', 'Regular'),
(1343, 14, 'H11', 'Regular'),
(1344, 14, 'H12', 'Regular'),
(1345, 15, 'A1', 'Regular'),
(1346, 15, 'A2', 'Regular'),
(1347, 15, 'A3', 'Regular'),
(1348, 15, 'A4', 'Regular'),
(1349, 15, 'A5', 'Regular'),
(1350, 15, 'A6', 'Regular'),
(1351, 15, 'A7', 'Regular'),
(1352, 15, 'A8', 'Regular'),
(1353, 15, 'A9', 'Regular'),
(1354, 15, 'A10', 'Regular'),
(1355, 15, 'A11', 'Regular'),
(1356, 15, 'A12', 'Regular'),
(1357, 15, 'B1', 'Regular'),
(1358, 15, 'B2', 'Regular'),
(1359, 15, 'B3', 'Regular'),
(1360, 15, 'B4', 'Regular'),
(1361, 15, 'B5', 'Regular'),
(1362, 15, 'B6', 'Regular'),
(1363, 15, 'B7', 'Regular'),
(1364, 15, 'B8', 'Regular'),
(1365, 15, 'B9', 'Regular'),
(1366, 15, 'B10', 'Regular'),
(1367, 15, 'B11', 'Regular'),
(1368, 15, 'B12', 'Regular'),
(1369, 15, 'C1', 'Regular'),
(1370, 15, 'C2', 'Regular'),
(1371, 15, 'C3', 'Regular'),
(1372, 15, 'C4', 'Regular'),
(1373, 15, 'C5', 'Regular'),
(1374, 15, 'C6', 'Regular'),
(1375, 15, 'C7', 'Regular'),
(1376, 15, 'C8', 'Regular'),
(1377, 15, 'C9', 'Regular'),
(1378, 15, 'C10', 'Regular'),
(1379, 15, 'C11', 'Regular'),
(1380, 15, 'C12', 'Regular'),
(1381, 15, 'D1', 'Regular'),
(1382, 15, 'D2', 'Regular'),
(1383, 15, 'D3', 'Regular'),
(1384, 15, 'D4', 'Regular'),
(1385, 15, 'D5', 'Regular'),
(1386, 15, 'D6', 'Regular'),
(1387, 15, 'D7', 'Regular'),
(1388, 15, 'D8', 'Regular'),
(1389, 15, 'D9', 'Regular'),
(1390, 15, 'D10', 'Regular'),
(1391, 15, 'D11', 'Regular'),
(1392, 15, 'D12', 'Regular'),
(1393, 15, 'E1', 'Regular'),
(1394, 15, 'E2', 'Regular'),
(1395, 15, 'E3', 'Regular'),
(1396, 15, 'E4', 'Regular'),
(1397, 15, 'E5', 'Regular'),
(1398, 15, 'E6', 'Regular'),
(1399, 15, 'E7', 'Regular'),
(1400, 15, 'E8', 'Regular'),
(1401, 15, 'E9', 'Regular'),
(1402, 15, 'E10', 'Regular'),
(1403, 15, 'E11', 'Regular'),
(1404, 15, 'E12', 'Regular'),
(1405, 15, 'F1', 'Regular'),
(1406, 15, 'F2', 'Regular'),
(1407, 15, 'F3', 'Regular'),
(1408, 15, 'F4', 'Regular'),
(1409, 15, 'F5', 'Regular'),
(1410, 15, 'F6', 'Regular'),
(1411, 15, 'F7', 'Regular'),
(1412, 15, 'F8', 'Regular'),
(1413, 15, 'F9', 'Regular'),
(1414, 15, 'F10', 'Regular'),
(1415, 15, 'F11', 'Regular'),
(1416, 15, 'F12', 'Regular'),
(1417, 15, 'G1', 'Regular'),
(1418, 15, 'G2', 'Regular'),
(1419, 15, 'G3', 'Regular'),
(1420, 15, 'G4', 'Regular'),
(1421, 15, 'G5', 'Regular'),
(1422, 15, 'G6', 'Regular'),
(1423, 15, 'G7', 'Regular'),
(1424, 15, 'G8', 'Regular'),
(1425, 15, 'G9', 'Regular'),
(1426, 15, 'G10', 'Regular'),
(1427, 15, 'G11', 'Regular'),
(1428, 15, 'G12', 'Regular'),
(1429, 15, 'H1', 'Regular'),
(1430, 15, 'H2', 'Regular'),
(1431, 15, 'H3', 'Regular'),
(1432, 15, 'H4', 'Regular'),
(1433, 15, 'H5', 'Regular'),
(1434, 15, 'H6', 'Regular'),
(1435, 15, 'H7', 'Regular'),
(1436, 15, 'H8', 'Regular'),
(1437, 15, 'H9', 'Regular'),
(1438, 15, 'H10', 'Regular'),
(1439, 15, 'H11', 'Regular'),
(1440, 15, 'H12', 'Regular'),
(1441, 16, 'A1', 'Regular'),
(1442, 16, 'A2', 'Regular'),
(1443, 16, 'A3', 'Regular'),
(1444, 16, 'A4', 'Regular'),
(1445, 16, 'A5', 'Regular'),
(1446, 16, 'A6', 'Regular'),
(1447, 16, 'A7', 'Regular'),
(1448, 16, 'A8', 'Regular'),
(1449, 16, 'A9', 'Regular'),
(1450, 16, 'A10', 'Regular'),
(1451, 16, 'A11', 'Regular'),
(1452, 16, 'A12', 'Regular'),
(1453, 16, 'B1', 'Regular'),
(1454, 16, 'B2', 'Regular'),
(1455, 16, 'B3', 'Regular'),
(1456, 16, 'B4', 'Regular'),
(1457, 16, 'B5', 'Regular'),
(1458, 16, 'B6', 'Regular'),
(1459, 16, 'B7', 'Regular'),
(1460, 16, 'B8', 'Regular'),
(1461, 16, 'B9', 'Regular'),
(1462, 16, 'B10', 'Regular'),
(1463, 16, 'B11', 'Regular'),
(1464, 16, 'B12', 'Regular'),
(1465, 16, 'C1', 'Regular'),
(1466, 16, 'C2', 'Regular'),
(1467, 16, 'C3', 'Regular'),
(1468, 16, 'C4', 'Regular'),
(1469, 16, 'C5', 'Regular'),
(1470, 16, 'C6', 'Regular'),
(1471, 16, 'C7', 'Regular'),
(1472, 16, 'C8', 'Regular'),
(1473, 16, 'C9', 'Regular'),
(1474, 16, 'C10', 'Regular'),
(1475, 16, 'C11', 'Regular'),
(1476, 16, 'C12', 'Regular'),
(1477, 16, 'D1', 'Regular'),
(1478, 16, 'D2', 'Regular'),
(1479, 16, 'D3', 'Regular'),
(1480, 16, 'D4', 'Regular'),
(1481, 16, 'D5', 'Regular'),
(1482, 16, 'D6', 'Regular'),
(1483, 16, 'D7', 'Regular'),
(1484, 16, 'D8', 'Regular'),
(1485, 16, 'D9', 'Regular'),
(1486, 16, 'D10', 'Regular'),
(1487, 16, 'D11', 'Regular'),
(1488, 16, 'D12', 'Regular'),
(1489, 16, 'E1', 'Regular'),
(1490, 16, 'E2', 'Regular'),
(1491, 16, 'E3', 'Regular'),
(1492, 16, 'E4', 'Regular'),
(1493, 16, 'E5', 'Regular'),
(1494, 16, 'E6', 'Regular'),
(1495, 16, 'E7', 'Regular'),
(1496, 16, 'E8', 'Regular'),
(1497, 16, 'E9', 'Regular'),
(1498, 16, 'E10', 'Regular'),
(1499, 16, 'E11', 'Regular'),
(1500, 16, 'E12', 'Regular'),
(1501, 16, 'F1', 'Regular'),
(1502, 16, 'F2', 'Regular'),
(1503, 16, 'F3', 'Regular'),
(1504, 16, 'F4', 'Regular'),
(1505, 16, 'F5', 'Regular'),
(1506, 16, 'F6', 'Regular'),
(1507, 16, 'F7', 'Regular'),
(1508, 16, 'F8', 'Regular'),
(1509, 16, 'F9', 'Regular'),
(1510, 16, 'F10', 'Regular'),
(1511, 16, 'F11', 'Regular'),
(1512, 16, 'F12', 'Regular'),
(1513, 16, 'G1', 'Regular'),
(1514, 16, 'G2', 'Regular'),
(1515, 16, 'G3', 'Regular'),
(1516, 16, 'G4', 'Regular'),
(1517, 16, 'G5', 'Regular'),
(1518, 16, 'G6', 'Regular'),
(1519, 16, 'G7', 'Regular'),
(1520, 16, 'G8', 'Regular'),
(1521, 16, 'G9', 'Regular'),
(1522, 16, 'G10', 'Regular'),
(1523, 16, 'G11', 'Regular'),
(1524, 16, 'G12', 'Regular'),
(1525, 16, 'H1', 'Regular'),
(1526, 16, 'H2', 'Regular'),
(1527, 16, 'H3', 'Regular'),
(1528, 16, 'H4', 'Regular'),
(1529, 16, 'H5', 'Regular'),
(1530, 16, 'H6', 'Regular'),
(1531, 16, 'H7', 'Regular'),
(1532, 16, 'H8', 'Regular'),
(1533, 16, 'H9', 'Regular'),
(1534, 16, 'H10', 'Regular'),
(1535, 16, 'H11', 'Regular'),
(1536, 16, 'H12', 'Regular'),
(1537, 17, 'A1', 'Regular'),
(1538, 17, 'A2', 'Regular'),
(1539, 17, 'A3', 'Regular'),
(1540, 17, 'A4', 'Regular'),
(1541, 17, 'A5', 'Regular'),
(1542, 17, 'A6', 'Regular'),
(1543, 17, 'A7', 'Regular'),
(1544, 17, 'A8', 'Regular'),
(1545, 17, 'A9', 'Regular'),
(1546, 17, 'A10', 'Regular'),
(1547, 17, 'A11', 'Regular'),
(1548, 17, 'A12', 'Regular'),
(1549, 17, 'B1', 'Regular'),
(1550, 17, 'B2', 'Regular'),
(1551, 17, 'B3', 'Regular'),
(1552, 17, 'B4', 'Regular'),
(1553, 17, 'B5', 'Regular'),
(1554, 17, 'B6', 'Regular'),
(1555, 17, 'B7', 'Regular'),
(1556, 17, 'B8', 'Regular'),
(1557, 17, 'B9', 'Regular'),
(1558, 17, 'B10', 'Regular'),
(1559, 17, 'B11', 'Regular'),
(1560, 17, 'B12', 'Regular'),
(1561, 17, 'C1', 'Regular'),
(1562, 17, 'C2', 'Regular'),
(1563, 17, 'C3', 'Regular'),
(1564, 17, 'C4', 'Regular'),
(1565, 17, 'C5', 'Regular'),
(1566, 17, 'C6', 'Regular'),
(1567, 17, 'C7', 'Regular'),
(1568, 17, 'C8', 'Regular'),
(1569, 17, 'C9', 'Regular'),
(1570, 17, 'C10', 'Regular'),
(1571, 17, 'C11', 'Regular'),
(1572, 17, 'C12', 'Regular'),
(1573, 17, 'D1', 'Regular'),
(1574, 17, 'D2', 'Regular'),
(1575, 17, 'D3', 'Regular'),
(1576, 17, 'D4', 'Regular'),
(1577, 17, 'D5', 'Regular'),
(1578, 17, 'D6', 'Regular'),
(1579, 17, 'D7', 'Regular'),
(1580, 17, 'D8', 'Regular'),
(1581, 17, 'D9', 'Regular'),
(1582, 17, 'D10', 'Regular'),
(1583, 17, 'D11', 'Regular'),
(1584, 17, 'D12', 'Regular'),
(1585, 17, 'E1', 'Regular'),
(1586, 17, 'E2', 'Regular'),
(1587, 17, 'E3', 'Regular'),
(1588, 17, 'E4', 'Regular'),
(1589, 17, 'E5', 'Regular'),
(1590, 17, 'E6', 'Regular'),
(1591, 17, 'E7', 'Regular'),
(1592, 17, 'E8', 'Regular'),
(1593, 17, 'E9', 'Regular'),
(1594, 17, 'E10', 'Regular'),
(1595, 17, 'E11', 'Regular'),
(1596, 17, 'E12', 'Regular'),
(1597, 17, 'F1', 'Regular'),
(1598, 17, 'F2', 'Regular'),
(1599, 17, 'F3', 'Regular'),
(1600, 17, 'F4', 'Regular'),
(1601, 17, 'F5', 'Regular'),
(1602, 17, 'F6', 'Regular'),
(1603, 17, 'F7', 'Regular'),
(1604, 17, 'F8', 'Regular'),
(1605, 17, 'F9', 'Regular'),
(1606, 17, 'F10', 'Regular'),
(1607, 17, 'F11', 'Regular'),
(1608, 17, 'F12', 'Regular'),
(1609, 17, 'G1', 'Regular'),
(1610, 17, 'G2', 'Regular'),
(1611, 17, 'G3', 'Regular'),
(1612, 17, 'G4', 'Regular'),
(1613, 17, 'G5', 'Regular'),
(1614, 17, 'G6', 'Regular'),
(1615, 17, 'G7', 'Regular'),
(1616, 17, 'G8', 'Regular'),
(1617, 17, 'G9', 'Regular'),
(1618, 17, 'G10', 'Regular'),
(1619, 17, 'G11', 'Regular'),
(1620, 17, 'G12', 'Regular'),
(1621, 17, 'H1', 'Regular'),
(1622, 17, 'H2', 'Regular'),
(1623, 17, 'H3', 'Regular'),
(1624, 17, 'H4', 'Regular'),
(1625, 17, 'H5', 'Regular'),
(1626, 17, 'H6', 'Regular'),
(1627, 17, 'H7', 'Regular'),
(1628, 17, 'H8', 'Regular'),
(1629, 17, 'H9', 'Regular'),
(1630, 17, 'H10', 'Regular'),
(1631, 17, 'H11', 'Regular'),
(1632, 17, 'H12', 'Regular'),
(1633, 18, 'A1', 'Regular'),
(1634, 18, 'A2', 'Regular'),
(1635, 18, 'A3', 'Regular'),
(1636, 18, 'A4', 'Regular'),
(1637, 18, 'A5', 'Regular'),
(1638, 18, 'A6', 'Regular'),
(1639, 18, 'A7', 'Regular'),
(1640, 18, 'A8', 'Regular'),
(1641, 18, 'A9', 'Regular'),
(1642, 18, 'A10', 'Regular'),
(1643, 18, 'A11', 'Regular'),
(1644, 18, 'A12', 'Regular'),
(1645, 18, 'B1', 'Regular'),
(1646, 18, 'B2', 'Regular'),
(1647, 18, 'B3', 'Regular'),
(1648, 18, 'B4', 'Regular'),
(1649, 18, 'B5', 'Regular'),
(1650, 18, 'B6', 'Regular'),
(1651, 18, 'B7', 'Regular'),
(1652, 18, 'B8', 'Regular'),
(1653, 18, 'B9', 'Regular'),
(1654, 18, 'B10', 'Regular'),
(1655, 18, 'B11', 'Regular'),
(1656, 18, 'B12', 'Regular'),
(1657, 18, 'C1', 'Regular'),
(1658, 18, 'C2', 'Regular'),
(1659, 18, 'C3', 'Regular'),
(1660, 18, 'C4', 'Regular'),
(1661, 18, 'C5', 'Regular'),
(1662, 18, 'C6', 'Regular'),
(1663, 18, 'C7', 'Regular'),
(1664, 18, 'C8', 'Regular'),
(1665, 18, 'C9', 'Regular'),
(1666, 18, 'C10', 'Regular'),
(1667, 18, 'C11', 'Regular'),
(1668, 18, 'C12', 'Regular'),
(1669, 18, 'D1', 'Regular'),
(1670, 18, 'D2', 'Regular'),
(1671, 18, 'D3', 'Regular'),
(1672, 18, 'D4', 'Regular'),
(1673, 18, 'D5', 'Regular'),
(1674, 18, 'D6', 'Regular'),
(1675, 18, 'D7', 'Regular'),
(1676, 18, 'D8', 'Regular'),
(1677, 18, 'D9', 'Regular'),
(1678, 18, 'D10', 'Regular'),
(1679, 18, 'D11', 'Regular'),
(1680, 18, 'D12', 'Regular'),
(1681, 18, 'E1', 'Regular'),
(1682, 18, 'E2', 'Regular'),
(1683, 18, 'E3', 'Regular'),
(1684, 18, 'E4', 'Regular'),
(1685, 18, 'E5', 'Regular'),
(1686, 18, 'E6', 'Regular'),
(1687, 18, 'E7', 'Regular'),
(1688, 18, 'E8', 'Regular'),
(1689, 18, 'E9', 'Regular'),
(1690, 18, 'E10', 'Regular'),
(1691, 18, 'E11', 'Regular'),
(1692, 18, 'E12', 'Regular'),
(1693, 18, 'F1', 'Regular'),
(1694, 18, 'F2', 'Regular'),
(1695, 18, 'F3', 'Regular'),
(1696, 18, 'F4', 'Regular'),
(1697, 18, 'F5', 'Regular'),
(1698, 18, 'F6', 'Regular'),
(1699, 18, 'F7', 'Regular'),
(1700, 18, 'F8', 'Regular'),
(1701, 18, 'F9', 'Regular'),
(1702, 18, 'F10', 'Regular'),
(1703, 18, 'F11', 'Regular'),
(1704, 18, 'F12', 'Regular'),
(1705, 18, 'G1', 'Regular'),
(1706, 18, 'G2', 'Regular'),
(1707, 18, 'G3', 'Regular'),
(1708, 18, 'G4', 'Regular'),
(1709, 18, 'G5', 'Regular'),
(1710, 18, 'G6', 'Regular'),
(1711, 18, 'G7', 'Regular'),
(1712, 18, 'G8', 'Regular'),
(1713, 18, 'G9', 'Regular'),
(1714, 18, 'G10', 'Regular'),
(1715, 18, 'G11', 'Regular'),
(1716, 18, 'G12', 'Regular'),
(1717, 18, 'H1', 'Regular'),
(1718, 18, 'H2', 'Regular'),
(1719, 18, 'H3', 'Regular'),
(1720, 18, 'H4', 'Regular'),
(1721, 18, 'H5', 'Regular'),
(1722, 18, 'H6', 'Regular'),
(1723, 18, 'H7', 'Regular'),
(1724, 18, 'H8', 'Regular'),
(1725, 18, 'H9', 'Regular'),
(1726, 18, 'H10', 'Regular'),
(1727, 18, 'H11', 'Regular'),
(1728, 18, 'H12', 'Regular');

-- --------------------------------------------------------

--
-- Table structure for table `showtime`
--

CREATE TABLE `showtime` (
  `ShowTimeId` int(11) NOT NULL,
  `MovieId` int(11) NOT NULL,
  `ScreenId` int(11) NOT NULL,
  `ShowDate` date NOT NULL,
  `StartTime` time NOT NULL,
  `EndTime` time NOT NULL
) ENGINE=InnoDB DEFAULT CHARSET=utf8mb4 COLLATE=utf8mb4_general_ci;

--
-- Dumping data for table `showtime`
--

INSERT INTO `showtime` (`ShowTimeId`, `MovieId`, `ScreenId`, `ShowDate`, `StartTime`, `EndTime`) VALUES
(1, 1, 1, '2025-12-03', '10:00:00', '12:12:00'),
(2, 5, 1, '2025-12-03', '13:00:00', '15:25:00'),
(3, 2, 1, '2025-12-03', '16:00:00', '18:33:00'),
(4, 5, 1, '2025-12-03', '19:00:00', '21:25:00'),
(5, 2, 1, '2025-12-03', '22:00:00', '00:33:00'),
(6, 2, 1, '2025-12-04', '10:00:00', '12:33:00'),
(7, 5, 1, '2025-12-04', '13:00:00', '15:25:00'),
(8, 2, 1, '2025-12-04', '16:00:00', '18:33:00'),
(9, 5, 1, '2025-12-04', '19:00:00', '21:25:00'),
(10, 2, 1, '2025-12-04', '22:00:00', '00:33:00'),
(11, 2, 1, '2025-12-05', '10:00:00', '12:33:00'),
(12, 5, 1, '2025-12-05', '13:00:00', '15:25:00'),
(13, 2, 1, '2025-12-05', '16:00:00', '18:33:00'),
(14, 5, 1, '2025-12-05', '19:00:00', '21:25:00'),
(15, 2, 1, '2025-12-05', '22:00:00', '00:33:00'),
(16, 2, 1, '2025-12-06', '10:00:00', '12:33:00'),
(17, 5, 1, '2025-12-06', '13:00:00', '15:25:00'),
(18, 2, 1, '2025-12-06', '16:00:00', '18:33:00'),
(19, 5, 1, '2025-12-06', '19:00:00', '21:25:00'),
(20, 2, 1, '2025-12-06', '22:00:00', '00:33:00'),
(21, 2, 1, '2025-12-07', '10:00:00', '12:33:00'),
(22, 5, 1, '2025-12-07', '13:00:00', '15:25:00'),
(23, 2, 1, '2025-12-07', '16:00:00', '18:33:00'),
(24, 5, 1, '2025-12-07', '19:00:00', '21:25:00'),
(25, 2, 1, '2025-12-07', '22:00:00', '00:33:00'),
(26, 2, 1, '2025-12-08', '10:00:00', '12:33:00'),
(27, 5, 1, '2025-12-08', '13:00:00', '15:25:00'),
(28, 2, 1, '2025-12-08', '16:00:00', '18:33:00'),
(29, 5, 1, '2025-12-08', '19:00:00', '21:25:00'),
(30, 2, 1, '2025-12-08', '22:00:00', '00:33:00'),
(31, 2, 1, '2025-12-09', '10:00:00', '12:33:00'),
(32, 5, 1, '2025-12-09', '13:00:00', '15:25:00'),
(33, 2, 1, '2025-12-09', '16:00:00', '18:33:00'),
(34, 5, 1, '2025-12-09', '19:00:00', '21:25:00'),
(35, 2, 1, '2025-12-09', '22:00:00', '00:33:00'),
(36, 6, 2, '2025-12-03', '10:00:00', '12:17:00'),
(37, 1, 2, '2025-12-03', '13:00:00', '15:12:00'),
(38, 6, 2, '2025-12-03', '16:00:00', '18:17:00'),
(39, 1, 2, '2025-12-03', '19:00:00', '21:12:00'),
(40, 3, 2, '2025-12-03', '22:00:00', '00:05:00'),
(41, 6, 2, '2025-12-04', '10:00:00', '12:17:00'),
(42, 1, 2, '2025-12-04', '13:00:00', '15:12:00'),
(43, 6, 2, '2025-12-04', '16:00:00', '18:17:00'),
(44, 1, 2, '2025-12-04', '19:00:00', '21:12:00'),
(45, 3, 2, '2025-12-04', '22:00:00', '00:05:00'),
(46, 6, 2, '2025-12-05', '10:00:00', '12:17:00'),
(47, 1, 2, '2025-12-05', '13:00:00', '15:12:00'),
(48, 6, 2, '2025-12-05', '16:00:00', '18:17:00'),
(49, 1, 2, '2025-12-05', '19:00:00', '21:12:00'),
(50, 3, 2, '2025-12-05', '22:00:00', '00:05:00'),
(51, 6, 2, '2025-12-06', '10:00:00', '12:17:00'),
(52, 1, 2, '2025-12-06', '13:00:00', '15:12:00'),
(53, 6, 2, '2025-12-06', '16:00:00', '18:17:00'),
(54, 1, 2, '2025-12-06', '19:00:00', '21:12:00'),
(55, 3, 2, '2025-12-06', '22:00:00', '00:05:00'),
(56, 6, 2, '2025-12-07', '10:00:00', '12:17:00'),
(57, 1, 2, '2025-12-07', '13:00:00', '15:12:00'),
(58, 6, 2, '2025-12-07', '16:00:00', '18:17:00'),
(59, 1, 2, '2025-12-07', '19:00:00', '21:12:00'),
(60, 3, 2, '2025-12-07', '22:00:00', '00:05:00'),
(61, 6, 2, '2025-12-08', '10:00:00', '12:17:00'),
(62, 1, 2, '2025-12-08', '13:00:00', '15:12:00'),
(63, 6, 2, '2025-12-08', '16:00:00', '18:17:00'),
(64, 1, 2, '2025-12-08', '19:00:00', '21:12:00'),
(65, 3, 2, '2025-12-08', '22:00:00', '00:05:00'),
(66, 6, 2, '2025-12-09', '10:00:00', '12:17:00'),
(67, 1, 2, '2025-12-09', '13:00:00', '15:12:00'),
(68, 6, 2, '2025-12-09', '16:00:00', '18:17:00'),
(69, 1, 2, '2025-12-09', '19:00:00', '21:12:00'),
(70, 3, 2, '2025-12-09', '22:00:00', '00:05:00'),
(71, 4, 3, '2025-12-03', '10:00:00', '11:21:00'),
(72, 3, 3, '2025-12-03', '13:00:00', '15:05:00'),
(73, 4, 3, '2025-12-03', '16:00:00', '17:21:00'),
(74, 3, 3, '2025-12-03', '19:00:00', '21:05:00'),
(75, 4, 3, '2025-12-03', '22:00:00', '23:21:00'),
(76, 4, 3, '2025-12-04', '10:00:00', '11:21:00'),
(77, 3, 3, '2025-12-04', '13:00:00', '15:05:00'),
(78, 4, 3, '2025-12-04', '16:00:00', '17:21:00'),
(79, 3, 3, '2025-12-04', '19:00:00', '21:05:00'),
(80, 4, 3, '2025-12-04', '22:00:00', '23:21:00'),
(81, 4, 3, '2025-12-05', '10:00:00', '11:21:00'),
(82, 3, 3, '2025-12-05', '13:00:00', '15:05:00'),
(83, 4, 3, '2025-12-05', '16:00:00', '17:21:00'),
(84, 3, 3, '2025-12-05', '19:00:00', '21:05:00'),
(85, 4, 3, '2025-12-05', '22:00:00', '23:21:00'),
(86, 4, 3, '2025-12-06', '10:00:00', '11:21:00'),
(87, 3, 3, '2025-12-06', '13:00:00', '15:05:00'),
(88, 4, 3, '2025-12-06', '16:00:00', '17:21:00'),
(89, 3, 3, '2025-12-06', '19:00:00', '21:05:00'),
(90, 4, 3, '2025-12-06', '22:00:00', '23:21:00'),
(91, 4, 3, '2025-12-07', '10:00:00', '11:21:00'),
(92, 3, 3, '2025-12-07', '13:00:00', '15:05:00'),
(93, 4, 3, '2025-12-07', '16:00:00', '17:21:00'),
(94, 3, 3, '2025-12-07', '19:00:00', '21:05:00'),
(95, 4, 3, '2025-12-07', '22:00:00', '23:21:00'),
(96, 4, 3, '2025-12-08', '10:00:00', '11:21:00'),
(97, 3, 3, '2025-12-08', '13:00:00', '15:05:00'),
(98, 4, 3, '2025-12-08', '16:00:00', '17:21:00'),
(99, 3, 3, '2025-12-08', '19:00:00', '21:05:00'),
(100, 4, 3, '2025-12-08', '22:00:00', '23:21:00'),
(101, 4, 3, '2025-12-09', '10:00:00', '11:21:00'),
(102, 3, 3, '2025-12-09', '13:00:00', '15:05:00'),
(103, 4, 3, '2025-12-09', '16:00:00', '17:21:00'),
(104, 3, 3, '2025-12-09', '19:00:00', '21:05:00'),
(105, 4, 3, '2025-12-09', '22:00:00', '23:21:00'),
(106, 2, 4, '2025-12-03', '10:00:00', '12:33:00'),
(107, 5, 4, '2025-12-03', '13:00:00', '15:25:00'),
(108, 2, 4, '2025-12-03', '16:00:00', '18:33:00'),
(109, 5, 4, '2025-12-03', '19:00:00', '21:25:00'),
(110, 2, 4, '2025-12-03', '22:00:00', '00:33:00'),
(111, 2, 4, '2025-12-04', '10:00:00', '12:33:00'),
(112, 5, 4, '2025-12-04', '13:00:00', '15:25:00'),
(113, 2, 4, '2025-12-04', '16:00:00', '18:33:00'),
(114, 5, 4, '2025-12-04', '19:00:00', '21:25:00'),
(115, 2, 4, '2025-12-04', '22:00:00', '00:33:00'),
(116, 2, 4, '2025-12-05', '10:00:00', '12:33:00'),
(117, 5, 4, '2025-12-05', '13:00:00', '15:25:00'),
(118, 2, 4, '2025-12-05', '16:00:00', '18:33:00'),
(119, 5, 4, '2025-12-05', '19:00:00', '21:25:00'),
(120, 2, 4, '2025-12-05', '22:00:00', '00:33:00'),
(121, 2, 4, '2025-12-06', '10:00:00', '12:33:00'),
(122, 5, 4, '2025-12-06', '13:00:00', '15:25:00'),
(123, 2, 4, '2025-12-06', '16:00:00', '18:33:00'),
(124, 5, 4, '2025-12-06', '19:00:00', '21:25:00'),
(125, 2, 4, '2025-12-06', '22:00:00', '00:33:00'),
(126, 2, 4, '2025-12-07', '10:00:00', '12:33:00'),
(127, 5, 4, '2025-12-07', '13:00:00', '15:25:00'),
(128, 2, 4, '2025-12-07', '16:00:00', '18:33:00'),
(129, 5, 4, '2025-12-07', '19:00:00', '21:25:00'),
(130, 2, 4, '2025-12-07', '22:00:00', '00:33:00'),
(131, 2, 4, '2025-12-08', '10:00:00', '12:33:00'),
(132, 5, 4, '2025-12-08', '13:00:00', '15:25:00'),
(133, 2, 4, '2025-12-08', '16:00:00', '18:33:00'),
(134, 5, 4, '2025-12-08', '19:00:00', '21:25:00'),
(135, 2, 4, '2025-12-08', '22:00:00', '00:33:00'),
(136, 2, 4, '2025-12-09', '10:00:00', '12:33:00'),
(137, 5, 4, '2025-12-09', '13:00:00', '15:25:00'),
(138, 2, 4, '2025-12-09', '16:00:00', '18:33:00'),
(139, 5, 4, '2025-12-09', '19:00:00', '21:25:00'),
(140, 2, 4, '2025-12-09', '22:00:00', '00:33:00'),
(141, 6, 5, '2025-12-03', '10:00:00', '12:17:00'),
(142, 1, 5, '2025-12-03', '13:00:00', '15:12:00'),
(143, 6, 5, '2025-12-03', '16:00:00', '18:17:00'),
(144, 1, 5, '2025-12-03', '19:00:00', '21:12:00'),
(145, 3, 5, '2025-12-03', '22:00:00', '00:05:00'),
(146, 6, 5, '2025-12-04', '10:00:00', '12:17:00'),
(147, 1, 5, '2025-12-04', '13:00:00', '15:12:00'),
(148, 6, 5, '2025-12-04', '16:00:00', '18:17:00'),
(149, 1, 5, '2025-12-04', '19:00:00', '21:12:00'),
(150, 3, 5, '2025-12-04', '22:00:00', '00:05:00'),
(151, 6, 5, '2025-12-05', '10:00:00', '12:17:00'),
(152, 1, 5, '2025-12-05', '13:00:00', '15:12:00'),
(153, 6, 5, '2025-12-05', '16:00:00', '18:17:00'),
(154, 1, 5, '2025-12-05', '19:00:00', '21:12:00'),
(155, 3, 5, '2025-12-05', '22:00:00', '00:05:00'),
(156, 6, 5, '2025-12-06', '10:00:00', '12:17:00'),
(157, 1, 5, '2025-12-06', '13:00:00', '15:12:00'),
(158, 6, 5, '2025-12-06', '16:00:00', '18:17:00'),
(159, 1, 5, '2025-12-06', '19:00:00', '21:12:00'),
(160, 3, 5, '2025-12-06', '22:00:00', '00:05:00'),
(161, 6, 5, '2025-12-07', '10:00:00', '12:17:00'),
(162, 1, 5, '2025-12-07', '13:00:00', '15:12:00'),
(163, 6, 5, '2025-12-07', '16:00:00', '18:17:00'),
(164, 1, 5, '2025-12-07', '19:00:00', '21:12:00'),
(165, 3, 5, '2025-12-07', '22:00:00', '00:05:00'),
(166, 6, 5, '2025-12-08', '10:00:00', '12:17:00'),
(167, 1, 5, '2025-12-08', '13:00:00', '15:12:00'),
(168, 6, 5, '2025-12-08', '16:00:00', '18:17:00'),
(169, 1, 5, '2025-12-08', '19:00:00', '21:12:00'),
(170, 3, 5, '2025-12-08', '22:00:00', '00:05:00'),
(171, 6, 5, '2025-12-09', '10:00:00', '12:17:00'),
(172, 1, 5, '2025-12-09', '13:00:00', '15:12:00'),
(173, 6, 5, '2025-12-09', '16:00:00', '18:17:00'),
(174, 1, 5, '2025-12-09', '19:00:00', '21:12:00'),
(175, 3, 5, '2025-12-09', '22:00:00', '00:05:00'),
(176, 4, 6, '2025-12-03', '10:00:00', '11:21:00'),
(177, 3, 6, '2025-12-03', '13:00:00', '15:05:00'),
(178, 4, 6, '2025-12-03', '16:00:00', '17:21:00'),
(179, 3, 6, '2025-12-03', '19:00:00', '21:05:00'),
(180, 4, 6, '2025-12-03', '22:00:00', '23:21:00'),
(181, 4, 6, '2025-12-04', '10:00:00', '11:21:00'),
(182, 3, 6, '2025-12-04', '13:00:00', '15:05:00'),
(183, 4, 6, '2025-12-04', '16:00:00', '17:21:00'),
(184, 3, 6, '2025-12-04', '19:00:00', '21:05:00'),
(185, 4, 6, '2025-12-04', '22:00:00', '23:21:00'),
(186, 4, 6, '2025-12-05', '10:00:00', '11:21:00'),
(187, 3, 6, '2025-12-05', '13:00:00', '15:05:00'),
(188, 4, 6, '2025-12-05', '16:00:00', '17:21:00'),
(189, 3, 6, '2025-12-05', '19:00:00', '21:05:00'),
(190, 4, 6, '2025-12-05', '22:00:00', '23:21:00'),
(191, 4, 6, '2025-12-06', '10:00:00', '11:21:00'),
(192, 3, 6, '2025-12-06', '13:00:00', '15:05:00'),
(193, 4, 6, '2025-12-06', '16:00:00', '17:21:00'),
(194, 3, 6, '2025-12-06', '19:00:00', '21:05:00'),
(195, 4, 6, '2025-12-06', '22:00:00', '23:21:00'),
(196, 4, 6, '2025-12-07', '10:00:00', '11:21:00'),
(197, 3, 6, '2025-12-07', '13:00:00', '15:05:00'),
(198, 4, 6, '2025-12-07', '16:00:00', '17:21:00'),
(199, 3, 6, '2025-12-07', '19:00:00', '21:05:00'),
(200, 4, 6, '2025-12-07', '22:00:00', '23:21:00'),
(201, 4, 6, '2025-12-08', '10:00:00', '11:21:00'),
(202, 3, 6, '2025-12-08', '13:00:00', '15:05:00'),
(203, 4, 6, '2025-12-08', '16:00:00', '17:21:00'),
(204, 3, 6, '2025-12-08', '19:00:00', '21:05:00'),
(205, 4, 6, '2025-12-08', '22:00:00', '23:21:00'),
(206, 4, 6, '2025-12-09', '10:00:00', '11:21:00'),
(207, 3, 6, '2025-12-09', '13:00:00', '15:05:00'),
(208, 4, 6, '2025-12-09', '16:00:00', '17:21:00'),
(209, 3, 6, '2025-12-09', '19:00:00', '21:05:00'),
(210, 4, 6, '2025-12-09', '22:00:00', '23:21:00'),
(211, 2, 7, '2025-12-03', '10:00:00', '12:33:00'),
(212, 5, 7, '2025-12-03', '13:00:00', '15:25:00'),
(213, 2, 7, '2025-12-03', '16:00:00', '18:33:00'),
(214, 5, 7, '2025-12-03', '19:00:00', '21:25:00'),
(215, 2, 7, '2025-12-03', '22:00:00', '00:33:00'),
(216, 2, 7, '2025-12-04', '10:00:00', '12:33:00'),
(217, 5, 7, '2025-12-04', '13:00:00', '15:25:00'),
(218, 2, 7, '2025-12-04', '16:00:00', '18:33:00'),
(219, 5, 7, '2025-12-04', '19:00:00', '21:25:00'),
(220, 2, 7, '2025-12-04', '22:00:00', '00:33:00'),
(221, 2, 7, '2025-12-05', '10:00:00', '12:33:00'),
(222, 5, 7, '2025-12-05', '13:00:00', '15:25:00'),
(223, 2, 7, '2025-12-05', '16:00:00', '18:33:00'),
(224, 5, 7, '2025-12-05', '19:00:00', '21:25:00'),
(225, 2, 7, '2025-12-05', '22:00:00', '00:33:00'),
(226, 2, 7, '2025-12-06', '10:00:00', '12:33:00'),
(227, 5, 7, '2025-12-06', '13:00:00', '15:25:00'),
(228, 2, 7, '2025-12-06', '16:00:00', '18:33:00'),
(229, 5, 7, '2025-12-06', '19:00:00', '21:25:00'),
(230, 2, 7, '2025-12-06', '22:00:00', '00:33:00'),
(231, 2, 7, '2025-12-07', '10:00:00', '12:33:00'),
(232, 5, 7, '2025-12-07', '13:00:00', '15:25:00'),
(233, 2, 7, '2025-12-07', '16:00:00', '18:33:00'),
(234, 5, 7, '2025-12-07', '19:00:00', '21:25:00'),
(235, 2, 7, '2025-12-07', '22:00:00', '00:33:00'),
(236, 2, 7, '2025-12-08', '10:00:00', '12:33:00'),
(237, 5, 7, '2025-12-08', '13:00:00', '15:25:00'),
(238, 2, 7, '2025-12-08', '16:00:00', '18:33:00'),
(239, 5, 7, '2025-12-08', '19:00:00', '21:25:00'),
(240, 2, 7, '2025-12-08', '22:00:00', '00:33:00'),
(241, 2, 7, '2025-12-09', '10:00:00', '12:33:00'),
(242, 5, 7, '2025-12-09', '13:00:00', '15:25:00'),
(243, 2, 7, '2025-12-09', '16:00:00', '18:33:00'),
(244, 5, 7, '2025-12-09', '19:00:00', '21:25:00'),
(245, 2, 7, '2025-12-09', '22:00:00', '00:33:00'),
(246, 6, 8, '2025-12-03', '10:00:00', '12:17:00'),
(247, 1, 8, '2025-12-03', '13:00:00', '15:12:00'),
(248, 6, 8, '2025-12-03', '16:00:00', '18:17:00'),
(249, 1, 8, '2025-12-03', '19:00:00', '21:12:00'),
(250, 3, 8, '2025-12-03', '22:00:00', '00:05:00'),
(251, 6, 8, '2025-12-04', '10:00:00', '12:17:00'),
(252, 1, 8, '2025-12-04', '13:00:00', '15:12:00'),
(253, 6, 8, '2025-12-04', '16:00:00', '18:17:00'),
(254, 1, 8, '2025-12-04', '19:00:00', '21:12:00'),
(255, 3, 8, '2025-12-04', '22:00:00', '00:05:00'),
(256, 6, 8, '2025-12-05', '10:00:00', '12:17:00'),
(257, 1, 8, '2025-12-05', '13:00:00', '15:12:00'),
(258, 6, 8, '2025-12-05', '16:00:00', '18:17:00'),
(259, 1, 8, '2025-12-05', '19:00:00', '21:12:00'),
(260, 3, 8, '2025-12-05', '22:00:00', '00:05:00'),
(261, 6, 8, '2025-12-06', '10:00:00', '12:17:00'),
(262, 1, 8, '2025-12-06', '13:00:00', '15:12:00'),
(263, 6, 8, '2025-12-06', '16:00:00', '18:17:00'),
(264, 1, 8, '2025-12-06', '19:00:00', '21:12:00'),
(265, 3, 8, '2025-12-06', '22:00:00', '00:05:00'),
(266, 6, 8, '2025-12-07', '10:00:00', '12:17:00'),
(267, 1, 8, '2025-12-07', '13:00:00', '15:12:00'),
(268, 6, 8, '2025-12-07', '16:00:00', '18:17:00'),
(269, 1, 8, '2025-12-07', '19:00:00', '21:12:00'),
(270, 3, 8, '2025-12-07', '22:00:00', '00:05:00'),
(271, 6, 8, '2025-12-08', '10:00:00', '12:17:00'),
(272, 1, 8, '2025-12-08', '13:00:00', '15:12:00'),
(273, 6, 8, '2025-12-08', '16:00:00', '18:17:00'),
(274, 1, 8, '2025-12-08', '19:00:00', '21:12:00'),
(275, 3, 8, '2025-12-08', '22:00:00', '00:05:00'),
(276, 6, 8, '2025-12-09', '10:00:00', '12:17:00'),
(277, 1, 8, '2025-12-09', '13:00:00', '15:12:00'),
(278, 6, 8, '2025-12-09', '16:00:00', '18:17:00'),
(279, 1, 8, '2025-12-09', '19:00:00', '21:12:00'),
(280, 3, 8, '2025-12-09', '22:00:00', '00:05:00'),
(281, 4, 9, '2025-12-03', '10:00:00', '11:21:00'),
(282, 3, 9, '2025-12-03', '13:00:00', '15:05:00'),
(283, 4, 9, '2025-12-03', '16:00:00', '17:21:00'),
(284, 3, 9, '2025-12-03', '19:00:00', '21:05:00'),
(285, 4, 9, '2025-12-03', '22:00:00', '23:21:00'),
(286, 4, 9, '2025-12-04', '10:00:00', '11:21:00'),
(287, 3, 9, '2025-12-04', '13:00:00', '15:05:00'),
(288, 4, 9, '2025-12-04', '16:00:00', '17:21:00'),
(289, 3, 9, '2025-12-04', '19:00:00', '21:05:00'),
(290, 4, 9, '2025-12-04', '22:00:00', '23:21:00'),
(291, 4, 9, '2025-12-05', '10:00:00', '11:21:00'),
(292, 3, 9, '2025-12-05', '13:00:00', '15:05:00'),
(293, 4, 9, '2025-12-05', '16:00:00', '17:21:00'),
(294, 3, 9, '2025-12-05', '19:00:00', '21:05:00'),
(295, 4, 9, '2025-12-05', '22:00:00', '23:21:00'),
(296, 4, 9, '2025-12-06', '10:00:00', '11:21:00'),
(297, 3, 9, '2025-12-06', '13:00:00', '15:05:00'),
(298, 4, 9, '2025-12-06', '16:00:00', '17:21:00'),
(299, 3, 9, '2025-12-06', '19:00:00', '21:05:00'),
(300, 4, 9, '2025-12-06', '22:00:00', '23:21:00'),
(301, 4, 9, '2025-12-07', '10:00:00', '11:21:00'),
(302, 3, 9, '2025-12-07', '13:00:00', '15:05:00'),
(303, 4, 9, '2025-12-07', '16:00:00', '17:21:00'),
(304, 3, 9, '2025-12-07', '19:00:00', '21:05:00'),
(305, 4, 9, '2025-12-07', '22:00:00', '23:21:00'),
(306, 4, 9, '2025-12-08', '10:00:00', '11:21:00'),
(307, 3, 9, '2025-12-08', '13:00:00', '15:05:00'),
(308, 4, 9, '2025-12-08', '16:00:00', '17:21:00'),
(309, 3, 9, '2025-12-08', '19:00:00', '21:05:00'),
(310, 4, 9, '2025-12-08', '22:00:00', '23:21:00'),
(311, 4, 9, '2025-12-09', '10:00:00', '11:21:00'),
(312, 3, 9, '2025-12-09', '13:00:00', '15:05:00'),
(313, 4, 9, '2025-12-09', '16:00:00', '17:21:00'),
(314, 3, 9, '2025-12-09', '19:00:00', '21:05:00'),
(315, 4, 9, '2025-12-09', '22:00:00', '23:21:00'),
(316, 2, 10, '2025-12-03', '10:00:00', '12:33:00'),
(317, 5, 10, '2025-12-03', '13:00:00', '15:25:00'),
(318, 2, 10, '2025-12-03', '16:00:00', '18:33:00'),
(319, 5, 10, '2025-12-03', '19:00:00', '21:25:00'),
(320, 2, 10, '2025-12-03', '22:00:00', '00:33:00'),
(321, 2, 10, '2025-12-04', '10:00:00', '12:33:00'),
(322, 5, 10, '2025-12-04', '13:00:00', '15:25:00'),
(323, 2, 10, '2025-12-04', '16:00:00', '18:33:00'),
(324, 5, 10, '2025-12-04', '19:00:00', '21:25:00'),
(325, 2, 10, '2025-12-04', '22:00:00', '00:33:00'),
(326, 2, 10, '2025-12-05', '10:00:00', '12:33:00'),
(327, 5, 10, '2025-12-05', '13:00:00', '15:25:00'),
(328, 2, 10, '2025-12-05', '16:00:00', '18:33:00'),
(329, 5, 10, '2025-12-05', '19:00:00', '21:25:00'),
(330, 2, 10, '2025-12-05', '22:00:00', '00:33:00'),
(331, 2, 10, '2025-12-06', '10:00:00', '12:33:00'),
(332, 5, 10, '2025-12-06', '13:00:00', '15:25:00'),
(333, 2, 10, '2025-12-06', '16:00:00', '18:33:00'),
(334, 5, 10, '2025-12-06', '19:00:00', '21:25:00'),
(335, 2, 10, '2025-12-06', '22:00:00', '00:33:00'),
(336, 2, 10, '2025-12-07', '10:00:00', '12:33:00'),
(337, 5, 10, '2025-12-07', '13:00:00', '15:25:00'),
(338, 2, 10, '2025-12-07', '16:00:00', '18:33:00'),
(339, 5, 10, '2025-12-07', '19:00:00', '21:25:00'),
(340, 2, 10, '2025-12-07', '22:00:00', '00:33:00'),
(341, 2, 10, '2025-12-08', '10:00:00', '12:33:00'),
(342, 5, 10, '2025-12-08', '13:00:00', '15:25:00'),
(343, 2, 10, '2025-12-08', '16:00:00', '18:33:00'),
(344, 5, 10, '2025-12-08', '19:00:00', '21:25:00'),
(345, 2, 10, '2025-12-08', '22:00:00', '00:33:00'),
(346, 2, 10, '2025-12-09', '10:00:00', '12:33:00'),
(347, 5, 10, '2025-12-09', '13:00:00', '15:25:00'),
(348, 2, 10, '2025-12-09', '16:00:00', '18:33:00'),
(349, 5, 10, '2025-12-09', '19:00:00', '21:25:00'),
(350, 2, 10, '2025-12-09', '22:00:00', '00:33:00'),
(351, 6, 11, '2025-12-03', '10:00:00', '12:17:00'),
(352, 1, 11, '2025-12-03', '13:00:00', '15:12:00'),
(353, 6, 11, '2025-12-03', '16:00:00', '18:17:00'),
(354, 1, 11, '2025-12-03', '19:00:00', '21:12:00'),
(355, 3, 11, '2025-12-03', '22:00:00', '00:05:00'),
(356, 6, 11, '2025-12-04', '10:00:00', '12:17:00'),
(357, 1, 11, '2025-12-04', '13:00:00', '15:12:00'),
(358, 6, 11, '2025-12-04', '16:00:00', '18:17:00'),
(359, 1, 11, '2025-12-04', '19:00:00', '21:12:00'),
(360, 3, 11, '2025-12-04', '22:00:00', '00:05:00'),
(361, 6, 11, '2025-12-05', '10:00:00', '12:17:00'),
(362, 1, 11, '2025-12-05', '13:00:00', '15:12:00'),
(363, 6, 11, '2025-12-05', '16:00:00', '18:17:00'),
(364, 1, 11, '2025-12-05', '19:00:00', '21:12:00'),
(365, 3, 11, '2025-12-05', '22:00:00', '00:05:00'),
(366, 6, 11, '2025-12-06', '10:00:00', '12:17:00'),
(367, 1, 11, '2025-12-06', '13:00:00', '15:12:00'),
(368, 6, 11, '2025-12-06', '16:00:00', '18:17:00'),
(369, 1, 11, '2025-12-06', '19:00:00', '21:12:00'),
(370, 3, 11, '2025-12-06', '22:00:00', '00:05:00'),
(371, 6, 11, '2025-12-07', '10:00:00', '12:17:00'),
(372, 1, 11, '2025-12-07', '13:00:00', '15:12:00'),
(373, 6, 11, '2025-12-07', '16:00:00', '18:17:00'),
(374, 1, 11, '2025-12-07', '19:00:00', '21:12:00'),
(375, 3, 11, '2025-12-07', '22:00:00', '00:05:00'),
(376, 6, 11, '2025-12-08', '10:00:00', '12:17:00'),
(377, 1, 11, '2025-12-08', '13:00:00', '15:12:00'),
(378, 6, 11, '2025-12-08', '16:00:00', '18:17:00'),
(379, 1, 11, '2025-12-08', '19:00:00', '21:12:00'),
(380, 3, 11, '2025-12-08', '22:00:00', '00:05:00'),
(381, 6, 11, '2025-12-09', '10:00:00', '12:17:00'),
(382, 1, 11, '2025-12-09', '13:00:00', '15:12:00'),
(383, 6, 11, '2025-12-09', '16:00:00', '18:17:00'),
(384, 1, 11, '2025-12-09', '19:00:00', '21:12:00'),
(385, 3, 11, '2025-12-09', '22:00:00', '00:05:00'),
(386, 4, 12, '2025-12-03', '10:00:00', '11:21:00'),
(387, 3, 12, '2025-12-03', '13:00:00', '15:05:00'),
(388, 4, 12, '2025-12-03', '16:00:00', '17:21:00'),
(389, 3, 12, '2025-12-03', '19:00:00', '21:05:00'),
(390, 4, 12, '2025-12-03', '22:00:00', '23:21:00'),
(391, 4, 12, '2025-12-04', '10:00:00', '11:21:00'),
(392, 3, 12, '2025-12-04', '13:00:00', '15:05:00'),
(393, 4, 12, '2025-12-04', '16:00:00', '17:21:00'),
(394, 3, 12, '2025-12-04', '19:00:00', '21:05:00'),
(395, 4, 12, '2025-12-04', '22:00:00', '23:21:00'),
(396, 4, 12, '2025-12-05', '10:00:00', '11:21:00'),
(397, 3, 12, '2025-12-05', '13:00:00', '15:05:00'),
(398, 4, 12, '2025-12-05', '16:00:00', '17:21:00'),
(399, 3, 12, '2025-12-05', '19:00:00', '21:05:00'),
(400, 4, 12, '2025-12-05', '22:00:00', '23:21:00'),
(401, 4, 12, '2025-12-06', '10:00:00', '11:21:00'),
(402, 3, 12, '2025-12-06', '13:00:00', '15:05:00'),
(403, 4, 12, '2025-12-06', '16:00:00', '17:21:00'),
(404, 3, 12, '2025-12-06', '19:00:00', '21:05:00'),
(405, 4, 12, '2025-12-06', '22:00:00', '23:21:00'),
(406, 4, 12, '2025-12-07', '10:00:00', '11:21:00'),
(407, 3, 12, '2025-12-07', '13:00:00', '15:05:00'),
(408, 4, 12, '2025-12-07', '16:00:00', '17:21:00'),
(409, 3, 12, '2025-12-07', '19:00:00', '21:05:00'),
(410, 4, 12, '2025-12-07', '22:00:00', '23:21:00'),
(411, 4, 12, '2025-12-08', '10:00:00', '11:21:00'),
(412, 3, 12, '2025-12-08', '13:00:00', '15:05:00'),
(413, 4, 12, '2025-12-08', '16:00:00', '17:21:00'),
(414, 3, 12, '2025-12-08', '19:00:00', '21:05:00'),
(415, 4, 12, '2025-12-08', '22:00:00', '23:21:00'),
(416, 4, 12, '2025-12-09', '10:00:00', '11:21:00'),
(417, 3, 12, '2025-12-09', '13:00:00', '15:05:00'),
(418, 4, 12, '2025-12-09', '16:00:00', '17:21:00'),
(419, 3, 12, '2025-12-09', '19:00:00', '21:05:00'),
(420, 4, 12, '2025-12-09', '22:00:00', '23:21:00'),
(421, 2, 13, '2025-12-03', '10:00:00', '12:33:00'),
(422, 5, 13, '2025-12-03', '13:00:00', '15:25:00'),
(423, 2, 13, '2025-12-03', '16:00:00', '18:33:00'),
(424, 5, 13, '2025-12-03', '19:00:00', '21:25:00'),
(425, 2, 13, '2025-12-03', '22:00:00', '00:33:00'),
(426, 2, 13, '2025-12-04', '10:00:00', '12:33:00'),
(427, 5, 13, '2025-12-04', '13:00:00', '15:25:00'),
(428, 2, 13, '2025-12-04', '16:00:00', '18:33:00'),
(429, 5, 13, '2025-12-04', '19:00:00', '21:25:00'),
(430, 2, 13, '2025-12-04', '22:00:00', '00:33:00'),
(431, 2, 13, '2025-12-05', '10:00:00', '12:33:00'),
(432, 5, 13, '2025-12-05', '13:00:00', '15:25:00'),
(433, 2, 13, '2025-12-05', '16:00:00', '18:33:00'),
(434, 5, 13, '2025-12-05', '19:00:00', '21:25:00'),
(435, 2, 13, '2025-12-05', '22:00:00', '00:33:00'),
(436, 2, 13, '2025-12-06', '10:00:00', '12:33:00'),
(437, 5, 13, '2025-12-06', '13:00:00', '15:25:00'),
(438, 2, 13, '2025-12-06', '16:00:00', '18:33:00'),
(439, 5, 13, '2025-12-06', '19:00:00', '21:25:00'),
(440, 2, 13, '2025-12-06', '22:00:00', '00:33:00'),
(441, 2, 13, '2025-12-07', '10:00:00', '12:33:00'),
(442, 5, 13, '2025-12-07', '13:00:00', '15:25:00'),
(443, 2, 13, '2025-12-07', '16:00:00', '18:33:00'),
(444, 5, 13, '2025-12-07', '19:00:00', '21:25:00'),
(445, 2, 13, '2025-12-07', '22:00:00', '00:33:00'),
(446, 2, 13, '2025-12-08', '10:00:00', '12:33:00'),
(447, 5, 13, '2025-12-08', '13:00:00', '15:25:00'),
(448, 2, 13, '2025-12-08', '16:00:00', '18:33:00'),
(449, 5, 13, '2025-12-08', '19:00:00', '21:25:00'),
(450, 2, 13, '2025-12-08', '22:00:00', '00:33:00'),
(451, 2, 13, '2025-12-09', '10:00:00', '12:33:00'),
(452, 5, 13, '2025-12-09', '13:00:00', '15:25:00'),
(453, 2, 13, '2025-12-09', '16:00:00', '18:33:00'),
(454, 5, 13, '2025-12-09', '19:00:00', '21:25:00'),
(455, 2, 13, '2025-12-09', '22:00:00', '00:33:00'),
(456, 6, 14, '2025-12-03', '10:00:00', '12:17:00'),
(457, 1, 14, '2025-12-03', '13:00:00', '15:12:00'),
(458, 6, 14, '2025-12-03', '16:00:00', '18:17:00'),
(459, 1, 14, '2025-12-03', '19:00:00', '21:12:00'),
(460, 3, 14, '2025-12-03', '22:00:00', '00:05:00'),
(461, 6, 14, '2025-12-04', '10:00:00', '12:17:00'),
(462, 1, 14, '2025-12-04', '13:00:00', '15:12:00'),
(463, 6, 14, '2025-12-04', '16:00:00', '18:17:00'),
(464, 1, 14, '2025-12-04', '19:00:00', '21:12:00'),
(465, 3, 14, '2025-12-04', '22:00:00', '00:05:00'),
(466, 6, 14, '2025-12-05', '10:00:00', '12:17:00'),
(467, 1, 14, '2025-12-05', '13:00:00', '15:12:00'),
(468, 6, 14, '2025-12-05', '16:00:00', '18:17:00'),
(469, 1, 14, '2025-12-05', '19:00:00', '21:12:00'),
(470, 3, 14, '2025-12-05', '22:00:00', '00:05:00'),
(471, 6, 14, '2025-12-06', '10:00:00', '12:17:00'),
(472, 1, 14, '2025-12-06', '13:00:00', '15:12:00'),
(473, 6, 14, '2025-12-06', '16:00:00', '18:17:00'),
(474, 1, 14, '2025-12-06', '19:00:00', '21:12:00'),
(475, 3, 14, '2025-12-06', '22:00:00', '00:05:00'),
(476, 6, 14, '2025-12-07', '10:00:00', '12:17:00'),
(477, 1, 14, '2025-12-07', '13:00:00', '15:12:00'),
(478, 6, 14, '2025-12-07', '16:00:00', '18:17:00'),
(479, 1, 14, '2025-12-07', '19:00:00', '21:12:00'),
(480, 3, 14, '2025-12-07', '22:00:00', '00:05:00'),
(481, 6, 14, '2025-12-08', '10:00:00', '12:17:00'),
(482, 1, 14, '2025-12-08', '13:00:00', '15:12:00'),
(483, 6, 14, '2025-12-08', '16:00:00', '18:17:00'),
(484, 1, 14, '2025-12-08', '19:00:00', '21:12:00'),
(485, 3, 14, '2025-12-08', '22:00:00', '00:05:00'),
(486, 6, 14, '2025-12-09', '10:00:00', '12:17:00'),
(487, 1, 14, '2025-12-09', '13:00:00', '15:12:00'),
(488, 6, 14, '2025-12-09', '16:00:00', '18:17:00'),
(489, 1, 14, '2025-12-09', '19:00:00', '21:12:00'),
(490, 3, 14, '2025-12-09', '22:00:00', '00:05:00'),
(491, 4, 15, '2025-12-03', '10:00:00', '11:21:00'),
(492, 3, 15, '2025-12-03', '13:00:00', '15:05:00'),
(493, 4, 15, '2025-12-03', '16:00:00', '17:21:00'),
(494, 3, 15, '2025-12-03', '19:00:00', '21:05:00'),
(495, 4, 15, '2025-12-03', '22:00:00', '23:21:00'),
(496, 4, 15, '2025-12-04', '10:00:00', '11:21:00'),
(497, 3, 15, '2025-12-04', '13:00:00', '15:05:00'),
(498, 4, 15, '2025-12-04', '16:00:00', '17:21:00'),
(499, 3, 15, '2025-12-04', '19:00:00', '21:05:00'),
(500, 4, 15, '2025-12-04', '22:00:00', '23:21:00'),
(501, 4, 15, '2025-12-05', '10:00:00', '11:21:00'),
(502, 3, 15, '2025-12-05', '13:00:00', '15:05:00'),
(503, 4, 15, '2025-12-05', '16:00:00', '17:21:00'),
(504, 3, 15, '2025-12-05', '19:00:00', '21:05:00'),
(505, 4, 15, '2025-12-05', '22:00:00', '23:21:00'),
(506, 4, 15, '2025-12-06', '10:00:00', '11:21:00'),
(507, 3, 15, '2025-12-06', '13:00:00', '15:05:00'),
(508, 4, 15, '2025-12-06', '16:00:00', '17:21:00'),
(509, 3, 15, '2025-12-06', '19:00:00', '21:05:00'),
(510, 4, 15, '2025-12-06', '22:00:00', '23:21:00'),
(511, 4, 15, '2025-12-07', '10:00:00', '11:21:00'),
(512, 3, 15, '2025-12-07', '13:00:00', '15:05:00'),
(513, 4, 15, '2025-12-07', '16:00:00', '17:21:00'),
(514, 3, 15, '2025-12-07', '19:00:00', '21:05:00'),
(515, 4, 15, '2025-12-07', '22:00:00', '23:21:00'),
(516, 4, 15, '2025-12-08', '10:00:00', '11:21:00'),
(517, 3, 15, '2025-12-08', '13:00:00', '15:05:00'),
(518, 4, 15, '2025-12-08', '16:00:00', '17:21:00'),
(519, 3, 15, '2025-12-08', '19:00:00', '21:05:00'),
(520, 4, 15, '2025-12-08', '22:00:00', '23:21:00'),
(521, 4, 15, '2025-12-09', '10:00:00', '11:21:00'),
(522, 3, 15, '2025-12-09', '13:00:00', '15:05:00'),
(523, 4, 15, '2025-12-09', '16:00:00', '17:21:00'),
(524, 3, 15, '2025-12-09', '19:00:00', '21:05:00'),
(525, 4, 15, '2025-12-09', '22:00:00', '23:21:00'),
(526, 2, 16, '2025-12-03', '10:00:00', '12:33:00'),
(527, 5, 16, '2025-12-03', '13:00:00', '15:25:00'),
(528, 2, 16, '2025-12-03', '16:00:00', '18:33:00'),
(529, 5, 16, '2025-12-03', '19:00:00', '21:25:00'),
(530, 2, 16, '2025-12-03', '22:00:00', '00:33:00'),
(531, 2, 16, '2025-12-04', '10:00:00', '12:33:00'),
(532, 5, 16, '2025-12-04', '13:00:00', '15:25:00'),
(533, 2, 16, '2025-12-04', '16:00:00', '18:33:00'),
(534, 5, 16, '2025-12-04', '19:00:00', '21:25:00'),
(535, 2, 16, '2025-12-04', '22:00:00', '00:33:00'),
(536, 2, 16, '2025-12-05', '10:00:00', '12:33:00'),
(537, 5, 16, '2025-12-05', '13:00:00', '15:25:00'),
(538, 2, 16, '2025-12-05', '16:00:00', '18:33:00'),
(539, 5, 16, '2025-12-05', '19:00:00', '21:25:00'),
(540, 2, 16, '2025-12-05', '22:00:00', '00:33:00'),
(541, 2, 16, '2025-12-06', '10:00:00', '12:33:00'),
(542, 5, 16, '2025-12-06', '13:00:00', '15:25:00'),
(543, 2, 16, '2025-12-06', '16:00:00', '18:33:00'),
(544, 5, 16, '2025-12-06', '19:00:00', '21:25:00'),
(545, 2, 16, '2025-12-06', '22:00:00', '00:33:00'),
(546, 2, 16, '2025-12-07', '10:00:00', '12:33:00'),
(547, 5, 16, '2025-12-07', '13:00:00', '15:25:00'),
(548, 2, 16, '2025-12-07', '16:00:00', '18:33:00'),
(549, 5, 16, '2025-12-07', '19:00:00', '21:25:00'),
(550, 2, 16, '2025-12-07', '22:00:00', '00:33:00'),
(551, 2, 16, '2025-12-08', '10:00:00', '12:33:00'),
(552, 5, 16, '2025-12-08', '13:00:00', '15:25:00'),
(553, 2, 16, '2025-12-08', '16:00:00', '18:33:00'),
(554, 5, 16, '2025-12-08', '19:00:00', '21:25:00'),
(555, 2, 16, '2025-12-08', '22:00:00', '00:33:00'),
(556, 2, 16, '2025-12-09', '10:00:00', '12:33:00'),
(557, 5, 16, '2025-12-09', '13:00:00', '15:25:00'),
(558, 2, 16, '2025-12-09', '16:00:00', '18:33:00'),
(559, 5, 16, '2025-12-09', '19:00:00', '21:25:00'),
(560, 2, 16, '2025-12-09', '22:00:00', '00:33:00'),
(561, 6, 17, '2025-12-03', '10:00:00', '12:17:00'),
(562, 1, 17, '2025-12-03', '13:00:00', '15:12:00'),
(563, 6, 17, '2025-12-03', '16:00:00', '18:17:00'),
(564, 1, 17, '2025-12-03', '19:00:00', '21:12:00'),
(565, 3, 17, '2025-12-03', '22:00:00', '00:05:00'),
(566, 6, 17, '2025-12-04', '10:00:00', '12:17:00'),
(567, 1, 17, '2025-12-04', '13:00:00', '15:12:00'),
(568, 6, 17, '2025-12-04', '16:00:00', '18:17:00'),
(569, 1, 17, '2025-12-04', '19:00:00', '21:12:00'),
(570, 3, 17, '2025-12-04', '22:00:00', '00:05:00'),
(571, 6, 17, '2025-12-05', '10:00:00', '12:17:00'),
(572, 1, 17, '2025-12-05', '13:00:00', '15:12:00'),
(573, 6, 17, '2025-12-05', '16:00:00', '18:17:00'),
(574, 1, 17, '2025-12-05', '19:00:00', '21:12:00'),
(575, 3, 17, '2025-12-05', '22:00:00', '00:05:00'),
(576, 6, 17, '2025-12-06', '10:00:00', '12:17:00'),
(577, 1, 17, '2025-12-06', '13:00:00', '15:12:00'),
(578, 6, 17, '2025-12-06', '16:00:00', '18:17:00'),
(579, 1, 17, '2025-12-06', '19:00:00', '21:12:00'),
(580, 3, 17, '2025-12-06', '22:00:00', '00:05:00'),
(581, 6, 17, '2025-12-07', '10:00:00', '12:17:00'),
(582, 1, 17, '2025-12-07', '13:00:00', '15:12:00'),
(583, 6, 17, '2025-12-07', '16:00:00', '18:17:00'),
(584, 1, 17, '2025-12-07', '19:00:00', '21:12:00'),
(585, 3, 17, '2025-12-07', '22:00:00', '00:05:00'),
(586, 6, 17, '2025-12-08', '10:00:00', '12:17:00'),
(587, 1, 17, '2025-12-08', '13:00:00', '15:12:00'),
(588, 6, 17, '2025-12-08', '16:00:00', '18:17:00'),
(589, 1, 17, '2025-12-08', '19:00:00', '21:12:00'),
(590, 3, 17, '2025-12-08', '22:00:00', '00:05:00'),
(591, 6, 17, '2025-12-09', '10:00:00', '12:17:00'),
(592, 1, 17, '2025-12-09', '13:00:00', '15:12:00'),
(593, 6, 17, '2025-12-09', '16:00:00', '18:17:00'),
(594, 1, 17, '2025-12-09', '19:00:00', '21:12:00'),
(595, 3, 17, '2025-12-09', '22:00:00', '00:05:00'),
(596, 4, 18, '2025-12-03', '10:00:00', '11:21:00'),
(597, 3, 18, '2025-12-03', '13:00:00', '15:05:00'),
(598, 4, 18, '2025-12-03', '16:00:00', '17:21:00'),
(599, 3, 18, '2025-12-03', '19:00:00', '21:05:00'),
(600, 4, 18, '2025-12-03', '22:00:00', '23:21:00'),
(601, 4, 18, '2025-12-04', '10:00:00', '11:21:00'),
(602, 3, 18, '2025-12-04', '13:00:00', '15:05:00'),
(603, 4, 18, '2025-12-04', '16:00:00', '17:21:00'),
(604, 3, 18, '2025-12-04', '19:00:00', '21:05:00'),
(605, 4, 18, '2025-12-04', '22:00:00', '23:21:00'),
(606, 4, 18, '2025-12-05', '10:00:00', '11:21:00'),
(607, 3, 18, '2025-12-05', '13:00:00', '15:05:00'),
(608, 4, 18, '2025-12-05', '16:00:00', '17:21:00'),
(609, 3, 18, '2025-12-05', '19:00:00', '21:05:00'),
(610, 4, 18, '2025-12-05', '22:00:00', '23:21:00'),
(611, 4, 18, '2025-12-06', '10:00:00', '11:21:00'),
(612, 3, 18, '2025-12-06', '13:00:00', '15:05:00'),
(613, 4, 18, '2025-12-06', '16:00:00', '17:21:00'),
(614, 3, 18, '2025-12-06', '19:00:00', '21:05:00'),
(615, 4, 18, '2025-12-06', '22:00:00', '23:21:00'),
(616, 4, 18, '2025-12-07', '10:00:00', '11:21:00'),
(617, 3, 18, '2025-12-07', '13:00:00', '15:05:00'),
(618, 4, 18, '2025-12-07', '16:00:00', '17:21:00'),
(619, 3, 18, '2025-12-07', '19:00:00', '21:05:00'),
(620, 4, 18, '2025-12-07', '22:00:00', '23:21:00'),
(621, 4, 18, '2025-12-08', '10:00:00', '11:21:00'),
(622, 3, 18, '2025-12-08', '13:00:00', '15:05:00'),
(623, 4, 18, '2025-12-08', '16:00:00', '17:21:00'),
(624, 3, 18, '2025-12-08', '19:00:00', '21:05:00'),
(625, 4, 18, '2025-12-08', '22:00:00', '23:21:00'),
(626, 4, 18, '2025-12-09', '10:00:00', '11:21:00'),
(627, 3, 18, '2025-12-09', '13:00:00', '15:05:00'),
(628, 4, 18, '2025-12-09', '16:00:00', '17:21:00'),
(629, 3, 18, '2025-12-09', '19:00:00', '21:05:00'),
(630, 4, 18, '2025-12-09', '22:00:00', '23:21:00');

-- --------------------------------------------------------

--
-- Table structure for table `theater`
--

CREATE TABLE `theater` (
  `TheaterId` int(11) NOT NULL,
  `Name` varchar(100) NOT NULL,
  `Location` varchar(150) NOT NULL
) ENGINE=InnoDB DEFAULT CHARSET=utf8mb4 COLLATE=utf8mb4_general_ci;

--
-- Dumping data for table `theater`
--

INSERT INTO `theater` (`TheaterId`, `Name`, `Location`) VALUES
(1, 'SM CITY', 'Cebu City'),
(2, 'Ayala Malls', 'Cebu City'),
(3, 'Robinson\'s Place', 'Cebu City'),
(4, 'Robinsons Mall', 'Cebu City'),
(5, 'Megamall', 'Cebu City'),
(6, 'Trinoma', 'Cebu City');

-- --------------------------------------------------------

--
-- Table structure for table `ticketing`
--

CREATE TABLE `ticketing` (
  `TicketId` int(11) NOT NULL,
  `BookingId` int(11) NOT NULL,
  `SeatId` int(11) NOT NULL,
  `Price` float NOT NULL
) ENGINE=InnoDB DEFAULT CHARSET=utf8mb4 COLLATE=utf8mb4_general_ci;

--
-- Indexes for dumped tables
--

--
-- Indexes for table `admin`
--
ALTER TABLE `admin`
  ADD PRIMARY KEY (`AdminID`),
  ADD UNIQUE KEY `Email` (`Email`);

--
-- Indexes for table `booking`
--
ALTER TABLE `booking`
  ADD PRIMARY KEY (`BookingId`),
  ADD KEY `fk_booking_customer` (`CustomerId`),
  ADD KEY `fk_booking_showtime` (`ShowTimeId`);

--
-- Indexes for table `customer`
--
ALTER TABLE `customer`
  ADD PRIMARY KEY (`CustomerId`);

--
-- Indexes for table `movie`
--
ALTER TABLE `movie`
  ADD PRIMARY KEY (`MovieId`);

--
-- Indexes for table `screen`
--
ALTER TABLE `screen`
  ADD PRIMARY KEY (`ScreenID`),
  ADD KEY `fk_screen_theater` (`TheaterId`);

--
-- Indexes for table `seat`
--
ALTER TABLE `seat`
  ADD PRIMARY KEY (`SeatId`),
  ADD KEY `fk_seat_screen` (`ScreenId`);

--
-- Indexes for table `showtime`
--
ALTER TABLE `showtime`
  ADD PRIMARY KEY (`ShowTimeId`),
  ADD UNIQUE KEY `uq_screen_slot` (`ScreenId`,`ShowDate`,`StartTime`),
  ADD KEY `fk_showtime_movie` (`MovieId`);

--
-- Indexes for table `theater`
--
ALTER TABLE `theater`
  ADD PRIMARY KEY (`TheaterId`);

--
-- Indexes for table `ticketing`
--
ALTER TABLE `ticketing`
  ADD PRIMARY KEY (`TicketId`),
  ADD KEY `fk_ticketing_booking` (`BookingId`),
  ADD KEY `fk_ticketing_seat` (`SeatId`);

--
-- AUTO_INCREMENT for dumped tables
--

--
-- AUTO_INCREMENT for table `admin`
--
ALTER TABLE `admin`
  MODIFY `AdminID` int(11) NOT NULL AUTO_INCREMENT, AUTO_INCREMENT=2;

--
-- AUTO_INCREMENT for table `booking`
--
ALTER TABLE `booking`
  MODIFY `BookingId` int(11) NOT NULL AUTO_INCREMENT;

--
-- AUTO_INCREMENT for table `customer`
--
ALTER TABLE `customer`
  MODIFY `CustomerId` int(11) NOT NULL AUTO_INCREMENT, AUTO_INCREMENT=4;

--
-- AUTO_INCREMENT for table `movie`
--
ALTER TABLE `movie`
  MODIFY `MovieId` int(11) NOT NULL AUTO_INCREMENT, AUTO_INCREMENT=13;

--
-- AUTO_INCREMENT for table `screen`
--
ALTER TABLE `screen`
  MODIFY `ScreenID` int(11) NOT NULL AUTO_INCREMENT, AUTO_INCREMENT=19;

--
-- AUTO_INCREMENT for table `seat`
--
ALTER TABLE `seat`
  MODIFY `SeatId` int(11) NOT NULL AUTO_INCREMENT, AUTO_INCREMENT=1729;

--
-- AUTO_INCREMENT for table `showtime`
--
ALTER TABLE `showtime`
  MODIFY `ShowTimeId` int(11) NOT NULL AUTO_INCREMENT, AUTO_INCREMENT=631;

--
-- AUTO_INCREMENT for table `theater`
--
ALTER TABLE `theater`
  MODIFY `TheaterId` int(11) NOT NULL AUTO_INCREMENT, AUTO_INCREMENT=7;

--
-- AUTO_INCREMENT for table `ticketing`
--
ALTER TABLE `ticketing`
  MODIFY `TicketId` int(11) NOT NULL AUTO_INCREMENT;

--
-- Constraints for dumped tables
--

--
-- Constraints for table `booking`
--
ALTER TABLE `booking`
  ADD CONSTRAINT `fk_booking_customer` FOREIGN KEY (`CustomerId`) REFERENCES `customer` (`CustomerId`) ON DELETE CASCADE ON UPDATE CASCADE,
  ADD CONSTRAINT `fk_booking_showtime` FOREIGN KEY (`ShowTimeId`) REFERENCES `showtime` (`ShowTimeId`) ON DELETE CASCADE ON UPDATE CASCADE;

--
-- Constraints for table `screen`
--
ALTER TABLE `screen`
  ADD CONSTRAINT `fk_screen_theater` FOREIGN KEY (`TheaterId`) REFERENCES `theater` (`TheaterId`) ON DELETE CASCADE ON UPDATE CASCADE;

--
-- Constraints for table `seat`
--
ALTER TABLE `seat`
  ADD CONSTRAINT `fk_seat_screen` FOREIGN KEY (`ScreenId`) REFERENCES `screen` (`ScreenID`) ON DELETE CASCADE ON UPDATE CASCADE;

--
-- Constraints for table `showtime`
--
ALTER TABLE `showtime`
  ADD CONSTRAINT `fk_showtime_movie` FOREIGN KEY (`MovieId`) REFERENCES `movie` (`MovieID`) ON DELETE CASCADE ON UPDATE CASCADE,
  ADD CONSTRAINT `fk_showtime_screen` FOREIGN KEY (`ScreenId`) REFERENCES `screen` (`ScreenID`) ON DELETE CASCADE ON UPDATE CASCADE;

--
-- Constraints for table `ticketing`
--
ALTER TABLE `ticketing`
  ADD CONSTRAINT `fk_ticketing_booking` FOREIGN KEY (`BookingId`) REFERENCES `booking` (`BookingId`) ON DELETE CASCADE ON UPDATE CASCADE,
  ADD CONSTRAINT `fk_ticketing_seat` FOREIGN KEY (`SeatId`) REFERENCES `seat` (`SeatId`) ON DELETE CASCADE ON UPDATE CASCADE;
COMMIT;

/*!40101 SET CHARACTER_SET_CLIENT=@OLD_CHARACTER_SET_CLIENT */;
/*!40101 SET CHARACTER_SET_RESULTS=@OLD_CHARACTER_SET_RESULTS */;
/*!40101 SET COLLATION_CONNECTION=@OLD_COLLATION_CONNECTION */;
